{"best_train_err": 0.007130134385079145, "best_test_mse": 0.006887838710099459, "best_test_mape": 69.98646259307861, "best_test_forecast": 0.0, "train_evolution": [0.3172645568847656, 0.23043762147426605, 0.15664255619049072, 0.11194741725921631, 0.08621615916490555, 0.06729693710803986, 0.055075258016586304, 0.05012514069676399, 0.048033952713012695, 0.04517121985554695, 0.04163762554526329, 0.03811142221093178, 0.03418971970677376, 0.029817918315529823, 0.02587256208062172, 0.023023027926683426, 0.021052101626992226, 0.019494036212563515, 0.018242662772536278, 0.017320001497864723, 0.01663990318775177, 0.016180245205760002, 0.015990279614925385, 0.015964796766638756, 0.015901554375886917, 0.01576874777674675, 0.015610925853252411, 0.015299047343432903, 0.014693873934447765, 0.013898263685405254, 0.01308013591915369, 0.012222074903547764, 0.011271806433796883, 0.01035002525895834, 0.009594786912202835, 0.008999207057058811, 0.008558203466236591, 0.008357422426342964, 0.008403608575463295, 0.00855288002640009, 0.008663658984005451, 0.008678060956299305, 0.008577984757721424, 0.008387856185436249, 0.008172945119440556, 0.007974658161401749, 0.007803854998201132, 0.00768459914252162, 0.007634337060153484, 0.007642638869583607, 0.0077025312930345535, 0.007795219775289297, 0.007858962751924992, 0.007845887914299965, 0.00776861933991313, 0.007653850130736828, 0.007518313825130463, 0.007393377833068371, 0.007305630948394537, 0.007251949515193701, 0.0072240098379552364, 0.007219286169856787, 0.007226895075291395, 0.007236022502183914, 0.007243719883263111, 0.007247186731547117, 0.007246131077408791, 0.007243136875331402, 0.007237589452415705, 0.0072314064018428326, 0.00722794933244586, 0.007223004475235939, 0.007213245611637831, 0.007202184293419123, 0.007191223558038473, 0.007180840242654085, 0.007173964288085699, 0.00716937892138958, 0.007164012640714645, 0.007158614229410887, 0.007153874263167381, 0.0071493275463581085, 0.007145416922867298, 0.007142523303627968, 0.007141476031392813, 0.007142890244722366, 0.007145513780415058, 0.007148061878979206, 0.0071494667790830135, 0.007148711942136288, 0.00714652705937624, 0.007143819704651833, 0.007140599191188812, 0.0071377321146428585, 0.007135957479476929, 0.007135114166885614, 0.007135117892175913, 0.0071355486288666725, 0.007135672960430384, 0.007135308813303709, 0.0071345060132443905, 0.007133577950298786, 0.007132922764867544, 0.007132648956030607, 0.007132790982723236, 0.007133118342608213, 0.0071333725936710835, 0.007133594714105129, 0.0071336436085402966, 0.007133421488106251, 0.0071330382488667965, 0.007132583763450384, 0.007132191676646471, 0.007131966762244701, 0.007131814491003752, 0.007131689693778753, 0.007131597958505154, 0.007131571881473064, 0.007131604477763176, 0.007131652906537056, 0.007131689693778753, 0.007131699938327074, 0.007131661754101515, 0.007131609134376049, 0.007131541613489389, 0.0071314796805381775, 0.00713145500048995, 0.007131447084248066, 0.0071314480155706406, 0.007131441496312618, 0.007131412159651518, 0.0071313651278615, 0.007131306454539299, 0.0071312603540718555, 0.007131243124604225, 0.00713124917820096, 0.007131263613700867, 0.007131284102797508, 0.007131303194910288, 0.007131298538297415, 0.007131288293749094, 0.00713126827031374, 0.007131251506507397, 0.0071312435902655125, 0.0071312421932816505, 0.0071312375366687775, 0.007131239864975214, 0.007131239864975214, 0.0071312300860881805, 0.007131224498152733, 0.007131221238523722, 0.007131216581910849, 0.007131214253604412, 0.007131210993975401, 0.007131217513233423, 0.007131216581910849, 0.007131216116249561, 0.00713121984153986, 0.007131221238523722, 0.007131220772862434, 0.007131215184926987, 0.00713121285662055, 0.007131210993975401, 0.007131206337362528, 0.00713120773434639, 0.007131206337362528, 0.007131206337362528, 0.00713120773434639, 0.007131209596991539, 0.007131205406039953, 0.007131209596991539, 0.00713120773434639, 0.00713121285662055, 0.007131209596991539, 0.007131206337362528, 0.007131206337362528, 0.007131206337362528, 0.00713120773434639, 0.0071312072686851025, 0.007131205406039953, 0.007131205406039953, 0.00713120773434639, 0.007131206337362528, 0.0071312072686851025, 0.007131203077733517, 0.0071312072686851025, 0.00713120773434639, 0.0071312072686851025, 0.00713120773434639, 0.007131208665668964, 0.007131208665668964, 0.007131206337362528, 0.007131206337362528, 0.007131204940378666, 0.007131204009056091, 0.007131205406039953, 0.0071312072686851025, 0.00713120773434639, 0.0071312072686851025, 0.0071312072686851025, 0.007131204009056091, 0.007131202612072229, 0.007131206337362528, 0.007131205406039953, 0.007131203077733517, 0.007131203077733517, 0.007131203077733517, 0.007131204940378666, 0.007131204940378666, 0.007131206337362528, 0.007131203077733517, 0.007131203077733517, 0.007131203077733517, 0.007131204009056091, 0.007131204009056091, 0.007131204009056091, 0.007131204940378666, 0.007131203077733517, 0.007131204009056091, 0.007131203077733517, 0.007131204009056091, 0.007131205406039953, 0.007131205406039953, 0.007131204009056091, 0.007131204009056091, 0.007131204009056091, 0.007131204009056091, 0.007131204940378666, 0.007131204009056091, 0.007131204940378666, 0.007131204940378666, 0.007131204009056091, 0.007131205406039953, 0.007131204940378666, 0.007131204940378666, 0.007131204009056091, 0.007131204009056091, 0.007131204940378666, 0.007131204009056091, 0.007131204940378666, 0.007131204940378666, 0.007131204009056091, 0.007131204009056091, 0.007131204940378666, 0.007131204940378666, 0.007131205406039953, 0.007131204940378666, 0.007131204940378666, 0.007131204009056091, 0.007131204009056091, 0.007131204009056091, 0.007131203077733517, 0.007131203077733517, 0.007131203077733517, 0.007131204009056091, 0.007131204009056091, 0.007131203077733517, 0.007131203077733517, 0.007131203077733517, 0.007131203077733517, 0.007131204940378666, 0.007131204009056091, 0.007131204940378666, 0.007131204009056091, 0.007131204009056091, 0.007131204009056091, 0.007131204009056091, 0.007131204940378666, 0.007131204940378666, 0.007131204940378666, 0.007096204906702042, 0.007140899542719126, 0.007139299064874649, 0.007137827109545469, 0.007136682979762554, 0.00713580846786499, 0.007135147228837013, 0.00713467039167881, 0.007134333718568087, 0.0071341064758598804, 0.007133932318538427, 0.007133786100894213, 0.007133633363991976, 0.007133445702493191, 0.007133221719413996, 0.007132962811738253, 0.007132688537240028, 0.007132411003112793, 0.007132148835808039, 0.007131911348551512, 0.007131700869649649, 0.0071315220557153225, 0.0071313646622002125, 0.007131226826459169, 0.007131108548492193, 0.007130999583750963, 0.00713090505450964, 0.007130826357752085, 0.00713075278326869, 0.00713069224730134, 0.007130635902285576, 0.0071305823512375355, 0.00713053485378623, 0.0071304840967059135, 0.0071304417215287685, 0.007130395621061325, 0.007130359765142202, 0.007130324374884367, 0.0071302843280136585, 0.0071302540600299835, 0.007130225654691458, 0.007130203302949667, 0.007130184210836887, 0.007130175828933716, 0.007130163721740246, 0.007130160462111235, 0.007130156736820936, 0.007130155805498362, 0.0071301511488854885, 0.007130146957933903, 0.00713014230132103, 0.007130134850740433, 0.007130127865821123, 0.007130124140530825, 0.007130124140530825, 0.0071301269344985485, 0.007130128797143698, 0.00713013019412756, 0.007130132056772709, 0.007130126468837261, 0.007130132522433996, 0.007130135782063007, 0.007130136713385582, 0.007130135782063007, 0.007130132056772709, 0.007130132056772709, 0.007130128797143698, 0.007130131125450134, 0.007130131125450134, 0.007130129728466272, 0.007130129728466272, 0.007130126468837261, 0.007130128797143698, 0.007130124606192112, 0.007130126468837261, 0.007130122277885675, 0.007130124140530825, 0.007130122277885675, 0.007130122277885675, 0.007130122277885675, 0.007130121346563101, 0.007130119018256664, 0.00713012320920825, 0.007130122277885675, 0.007130119949579239, 0.007130121346563101, 