{"best_train_err": 0.007233970332890749, "best_test_mse": 0.0003290352178737521, "best_test_mape": 27.23880410194397, "best_test_forecast": 0.0, "train_evolution": [0.9446902871131897, 0.6568871140480042, 0.4575784504413605, 0.3323754370212555, 0.25752314925193787, 0.21633726358413696, 0.1941162347793579, 0.1777254194021225, 0.15867483615875244, 0.13548164069652557, 0.11152004450559616, 0.09094339609146118, 0.07609865069389343, 0.06721004098653793, 0.06314294040203094, 0.062023088335990906, 0.06166938319802284, 0.06013637036085129, 0.056366514414548874, 0.05052751302719116, 0.0436963252723217, 0.037176135927438736, 0.03197823092341423, 0.02864556387066841, 0.027212470769882202, 0.027171457186341286, 0.027590831741690636, 0.027489975094795227, 0.026297027245163918, 0.024060802534222603, 0.021281344816088676, 0.018564356490969658, 0.016391292214393616, 0.015059524215757847, 0.014638819731771946, 0.014894762076437473, 0.015330725349485874, 0.015433222986757755, 0.01494812872260809, 0.013951496221125126, 0.01270541362464428, 0.011486995033919811, 0.010514491237699986, 0.009922094643115997, 0.009714880026876926, 0.00975020695477724, 0.009816383011639118, 0.009762740693986416, 0.009564434178173542, 0.009288230910897255, 0.009026320651173592, 0.00885278731584549, 0.008796581998467445, 0.008824735879898071, 0.008857665583491325, 0.008817354217171669, 0.008668860420584679, 0.008427858352661133, 0.008146240375936031, 0.007891294546425343, 0.007716563530266285, 0.007633998524397612, 0.007613684516400099, 0.007612916175276041, 0.0076025305315852165, 0.007571251597255468, 0.007522332016378641, 0.007472898345440626, 0.007444940507411957, 0.007446534000337124, 0.007464757189154625, 0.007479298859834671, 0.007477992679923773, 0.007459075655788183, 0.0074275946244597435, 0.007394066080451012, 0.007370219565927982, 0.007360621355473995, 0.007359830662608147, 0.0073585971258580685, 0.007350849453359842, 0.0073358165100216866, 0.007317318115383387, 0.007301571313291788, 0.00729304738342762, 0.007291493471711874, 0.0072928969748318195, 0.007292408961802721, 0.007286698091775179, 0.007275755517184734, 0.007263148203492165, 0.007253431715071201, 0.007248970214277506, 0.00724939676001668, 0.0072527918964624405, 0.007256550248712301, 0.007258401717990637, 0.007257823366671801, 0.007255973294377327, 0.007254038006067276, 0.007252328563481569, 0.007250682916492224, 0.007248780224472284, 0.00724635599181056, 0.0072435904294252396, 0.007241213694214821, 0.007239883299916983, 0.0072396742179989815, 0.007240151055157185, 0.00724066374823451, 0.007240697741508484, 0.007240160368382931, 0.007239360362291336, 0.007238670252263546, 0.007238307036459446, 0.007238240446895361, 0.0072382064536213875, 0.0072379400953650475, 0.007237418554723263, 0.007236809004098177, 0.007236297242343426, 0.007235997822135687, 0.007235917262732983, 0.007235925178974867, 0.007235865108668804, 0.0072357021272182465, 0.007235508877784014, 0.007235363591462374, 0.007235310040414333, 0.00723533658310771, 0.007235371507704258, 0.007235345430672169, 0.007235249970108271, 0.007235133089125156, 0.007235038559883833, 0.00723499059677124, 0.0072349742986261845, 0.007234959863126278, 0.007234908174723387, 0.007234838325530291, 0.007234757766127586, 0.0072346949018538, 0.007234660908579826, 0.007234649267047644, 0.007234634831547737, 0.007234618999063969, 0.007234591990709305, 0.007234575226902962, 0.007234570570290089, 0.007234575226902962, 0.007234572898596525, 0.007234569638967514, 0.007234551943838596, 0.007234530057758093, 0.007234516087919474, 0.00723451329395175, 0.007234510034322739, 0.007234505377709866, 0.0072344946675002575, 0.007234485354274511, 0.007234475109726191, 0.007234467659145594, 0.007234465330839157, 0.007234467193484306, 0.007234467659145594, 0.007234467193484306, 0.007234460674226284, 0.007234459277242422, 0.007234456483274698, 0.007234451826661825, 0.007234451826661825, 0.007234451361000538, 0.007234448101371527, 0.0072344462387263775, 0.007234443910419941, 0.007234447170048952, 0.007234447170048952, 0.00723444577306509, 0.0072344448417425156, 0.007234443910419941, 0.007234443910419941, 0.00723444065079093, 0.007234442513436079, 0.007234441582113504, 0.007234439253807068, 0.007234443910419941, 0.007234441582113504, 0.0072344401851296425, 0.007234442979097366, 0.007234442513436079, 0.007234441582113504, 0.007234442979097366, 0.007234438322484493, 0.007234439253807068, 0.007234437856823206, 0.007234437856823206, 0.007234441582113504, 0.007234442513436079, 0.00723444065079093, 0.007234437856823206, 0.007234438322484493, 0.00723444065079093, 0.007234439253807068, 0.007234439253807068, 0.007234439253807068, 0.007234439253807068, 0.007234435994178057, 0.007234436925500631, 0.007234438322484493, 0.007234441582113504, 0.007234437856823206, 0.007234438322484493, 0.007234439253807068, 0.007234441582113504, 0.00723444065079093, 0.007234438322484493, 0.007234438322484493, 0.007234438322484493, 0.007234441582113504, 0.007234441582113504, 0.007234441582113504, 0.00723444065079093, 0.0072344401851296425, 0.0072344401851296425, 0.007234439253807068, 0.007234439253807068, 0.007234438322484493, 0.0072344401851296425, 0.007234438322484493, 0.007234438322484493, 0.007234438322484493, 0.007234438322484493, 0.007234438322484493, 0.007234439253807068, 0.007234438322484493, 0.00721838790923357, 0.007263601757586002, 0.007261195220053196, 0.007258655969053507, 0.007256284821778536, 0.0072540524415671825, 0.007251967675983906, 0.0072500454261898994, 0.0072482675313949585, 0.007246645633131266, 0.007245164830237627, 0.007243815343827009, 0.007242581807076931, 0.007241455838084221, 0.007240429986268282, 0.007239495404064655, 0.007238647900521755, 0.007237886544317007, 0.007237211335450411, 0.00723660783842206, 0.007236084900796413, 0.007235630415380001, 0.007235249038785696, 0.007234930992126465, 0.007234677672386169, 0.007234481163322926, 0.00723433680832386, 0.007234232500195503, 0.007234162651002407, 0.007234112825244665, 0.007234078366309404, 0.007234049029648304, 0.007234027609229088, 0.007234007585793734, 0.007233983837068081, 0.007233963813632727, 0.007233940996229649, 0.007233918644487858, 0.007233898621052504, 0.007233872544020414, 0.007233854383230209, 0.007233838550746441, 0.007233814802020788, 0.007233798503875732, 0.007233782205730677, 0.007233765907585621, 0.007233744021505117, 0.007233728654682636, 0.007233711425215006, 0.007233692333102226, 0.007233681157231331, 0.007233667653053999, 0.0072336578741669655, 0.007233649957925081, 0.007233645301312208, 0.007233641110360622, 0.007233643904328346, 0.0072336397133767605, 0.0072336397133767605, 0.007233638782054186, 0.007233636453747749, 0.007233640644699335, 0.007233636453747749, 0.007233635056763887, 0.007233635988086462, 0.007233633194118738, 0.007233632728457451, 0.007233630400151014, 0.007233630865812302, 0.007233632728457451, 0.007233624812215567, 0.007233623880892992, 0.007233624812215567, 0.007233622018247843, 0.0072336215525865555, 0.007233618292957544, 0.007233611308038235, 0.007233613636344671, 0.0072336141020059586, 0.007233613636344671, 0.007233613636344671, 0.0072336094453930855, 0.00723361037671566, 0.007233608514070511, 0.0072336080484092236, 0.0072336080484092236, 0.007233608514070511, 0.0072336080484092236, 0.0072336094453930855, 0.0072336094453930855, 0.007233611308038235, 0.007233611308038235, 0.007233611308038235, 0.00723361037671566, 0.0072336094453930855, 0.0072336080484092236, 0.007233608514070511, 0.007233608514070511, 0.0072336094453930855, 0.0072336094453930855, 0.00723361037671566, 0.007233611308038235, 0.007233611773699522, 0.0072336094453930855, 0.0072336094453930855, 0.007233608514070511, 0.0072336080484092236, 0.0072336080484092236, 0.007233611308038235, 0.00723361037671566, 0.0072336094453930855, 0.007233608514070511, 0.007233607117086649, 0.0072336080484092236, 0.007233607117086649, 0.007233607117086649, 0.007233606185764074, 0.007233605720102787, 0.007233605720102787, 0.007233606185764074, 0.007233605720102787, 