{"best_train_err": 0.007100026588886976, "best_test_mse": 0.0009645611280575395, "best_test_mape": 49.48474168777466, "best_test_forecast": 0.0, "train_evolution": [0.36730656027793884, 0.21228982508182526, 0.13438764214515686, 0.11031531542539597, 0.1108279675245285, 0.10996895283460617, 0.09773615747690201, 0.0774121880531311, 0.054710790514945984, 0.03500945121049881, 0.02240009792149067, 0.018715068697929382, 0.021931709721684456, 0.027517979964613914, 0.031913165003061295, 0.033464282751083374, 0.03195805475115776, 0.028508460149168968, 0.024956759065389633, 0.022901127114892006, 0.022726230323314667, 0.0235848817974329, 0.02444317191839218, 0.024464139714837074, 0.023100603371858597, 0.02042214386165142, 0.017151687294244766, 0.014298146590590477, 0.012468241155147552, 0.011701543815433979, 0.0117570785805583, 0.012154045514762402, 0.012357395142316818, 0.012076647952198982, 0.011444920673966408, 0.010835287161171436, 0.010501019656658173, 0.010547989048063755, 0.010903848335146904, 0.011299182660877705, 0.0114108482375741, 0.01109192706644535, 0.010460443794727325, 0.009728074073791504, 0.009115808643400669, 0.008772800676524639, 0.008687587454915047, 0.008699406869709492, 0.008646410889923573, 0.008481035940349102, 0.008237253874540329, 0.008013724349439144, 0.007914930582046509, 0.00797042902559042, 0.008101287297904491, 0.0082045653834939, 0.008213033899664879, 0.008113536983728409, 0.00795537419617176, 0.007817484438419342, 0.007741877343505621, 0.007714073173701763, 0.007697790861129761, 0.007655613590031862, 0.007573630195111036, 0.007475434336811304, 0.00740015460178256, 0.00736551359295845, 0.007366929203271866, 0.007382906507700682, 0.007387533318251371, 0.007370149251073599, 0.007341371383517981, 0.007314817979931831, 0.007298809010535479, 0.0072928485460579395, 0.007286952342838049, 0.0072714583948254585, 0.007246969733387232, 0.007219923660159111, 0.007197821978479624, 0.0071857948787510395, 0.007181562017649412, 0.007179042790085077, 0.0071744914166629314, 0.007167352829128504, 0.007159498054534197, 0.007154288236051798, 0.007152006030082703, 0.007150418125092983, 0.00714729493483901, 0.007141417823731899, 0.007133711129426956, 0.007126770913600922, 0.007122121751308441, 0.007119568530470133, 0.007118055131286383, 0.007116054650396109, 0.007113287691026926, 0.0071106888353824615, 0.0071090590208768845, 0.007108638528734446, 0.007108772173523903, 0.007108353078365326, 0.007106998935341835, 0.007105125114321709, 0.007103397976607084, 0.0071023376658558846, 0.007101787254214287, 0.007101195864379406, 0.007100338116288185, 0.007099307607859373, 0.007098497822880745, 0.0070982035249471664, 0.007098264992237091, 0.007098360452800989, 0.0070982384495437145, 0.007097894325852394, 0.0070975529961287975, 0.007097348570823669, 0.007097243797034025, 0.007097140420228243, 0.0070969113148748875, 0.007096626330167055, 0.007096398621797562, 0.007096301764249802, 0.007096309680491686, 0.007096338551491499, 0.007096320390701294, 0.007096270099282265, 0.007096224930137396, 0.0070962184108793736, 0.0070962319150567055, 0.007096215151250362, 0.0070961713790893555, 0.007096107117831707, 0.007096060086041689, 0.007096041925251484, 0.00709604611620307, 0.007096045184880495, 0.0070960381999611855, 0.007096029352396727, 0.007096027489751577, 0.007096040528267622, 0.007096054032444954, 0.007096055429428816, 0.007096049841493368, 0.007096035871654749, 0.00709602702409029, 0.007096022367477417, 0.007096022833138704, 0.007096018176525831, 0.007096011657267809, 0.007096008863300085, 0.007096011191606522, 0.007096016779541969, 0.007096018176525831, 0.007096019107848406, 0.007096013519912958, 0.007096013519912958, 0.007096011191606522, 0.007096010260283947, 0.007096010260283947, 0.007096005603671074, 0.0070960004813969135, 0.007096003741025925, 0.007096003275364637, 0.007096003275364637, 0.007096003741025925, 0.007096000015735626, 0.007096001412719488, 0.0070960004813969135, 0.0070960004813969135, 0.007096001412719488, 0.00709599768742919, 0.007095994893461466, 0.007095996756106615, 0.007095996756106615, 0.00709599768742919, 0.007095993496477604, 0.007095992099493742, 0.00709599768742919, 0.0070959958247840405, 0.007095996756106615, 0.0070959944278001785, 0.0070959944278001785, 0.007095994893461466, 0.007095991168171167, 0.007095991168171167, 0.007095992565155029, 0.007095991168171167, 0.007095992099493742, 0.007095991168171167, 0.007095988839864731, 0.007095990236848593, 0.007095990236848593, 0.007095992099493742, 0.007095992565155029, 0.007095994893461466, 0.007095992099493742, 0.007095992099493742, 0.007095992099493742, 0.007095992099493742, 0.007095992099493742, 0.007095991168171167, 0.0070959897711873055, 0.007095992099493742, 0.0070959897711873055, 0.007095990236848593, 0.007095992099493742, 0.007095992099493742, 0.007095990236848593, 0.007095991168171167, 0.007095990236848593, 0.0070959897711873055, 0.0070959897711873055, 0.007095991168171167, 0.0070959944278001785, 0.007095992565155029, 0.007095992565155029, 0.007095993496477604, 0.007095992565155029, 0.007095992565155029, 0.007095992565155029, 0.007095992099493742, 0.007095991168171167, 0.007095991168171167, 0.007095990236848593, 0.007095992099493742, 0.007095992099493742, 0.007095991168171167, 0.007095992099493742, 0.007095992099493742, 0.007095991168171167, 0.007095990236848593, 0.007095991168171167, 0.007095990236848593, 0.007095992099493742, 0.007095992565155029, 0.007203585468232632, 0.0072404928505420685, 0.007230208721011877, 0.00722020398825407, 0.007210791110992432, 0.007201960310339928, 0.007193693425506353, 0.00718595739454031, 0.007178726140409708, 0.007171978242695332, 0.007165685761719942, 0.007159833330661058, 0.007154405117034912, 0.007149374578148127, 0.007144727278500795, 0.007140454836189747, 0.007136528845876455, 0.0071329413913190365, 0.00712968036532402, 0.007126726675778627, 0.007124057039618492, 0.007121664937585592, 0.007119525223970413, 0.007117610890418291, 0.007115908432751894, 0.0071143899112939835, 0.007113027852028608, 0.007111800834536552, 0.007110682316124439, 0.0071096415631473064, 0.007108674384653568, 0.00710775563493371, 0.00710689090192318, 0.007106063421815634, 0.0071052671410143375, 0.0071045043878257275, 0.007103768177330494, 0.0071030561812222, 0.007102382369339466, 0.007101733703166246, 0.007101118098944426, 0.00710053788498044, 0.007099989335983992, 0.007099474314600229, 0.0070989918895065784, 0.007098547648638487, 0.007098132744431496, 0.007097759284079075, 0.0070974151603877544, 0.00709710456430912, 0.007096830289810896, 0.0070965904742479324, 0.0070963772013783455, 0.007096196990460157, 0.007096043787896633, 0.007095918990671635, 0.007095813751220703, 0.007095725741237402, 0.007095662876963615, 0.007095611188560724, 0.007095571607351303, 0.007095543667674065, 0.00709552364423871, 0.007095509674400091, 0.007095498498529196, 0.007095499895513058, 0.007095496170222759, 0.00709549942985177, 0.0070954966358840466, 0.007095500826835632, 0.0070955040864646435, 0.007095502223819494, 0.00709550641477108, 0.007095505483448505, 0.0070955040864646435, 0.0070955040864646435, 0.0070955040864646435, 0.00709549942985177, 0.00709549942985177, 0.0070954966358840466, 0.0070954919792711735, 0.007095492910593748, 0.0070954919792711735, 0.0070954873226583, 0.0070954859256744385, 0.0070954873226583, 0.007095483131706715, 0.00709547707810998, 0.0070954784750938416, 0.007095474749803543, 0.007095471490174532, 0.007095471490174532, 0.007095469627529383, 0.007095465902239084, 0.007095464039593935, 0.0070954617112874985, 0.0070954603143036366, 0.007095454726368189, 0.007095454726368189, 0.007095450535416603, 0.007095450069755316, 0.007095451466739178, 0.007095450069755316, 0.0070954482071101665, 0.00709544587880373, 0.007095444947481155, 0.0070954421535134315, 0.007095441222190857, 0.007095441222190857, 0.007095440290868282, 0.007095440290868282, 0.007095440290868282, 0.007095437031239271, 0.007095437962561846, 0.00709543889388442, 0.00709543889388442, 0.00709543889388442, 