{"best_train_err": 0.007310915272682905, "best_test_mse": 0.00011038970114896074, "best_test_mape": 21.907658874988556, "best_test_forecast": 0.0, "train_evolution": [1.2108336687088013, 0.9127703905105591, 0.6991419196128845, 0.5471789240837097, 0.42632606625556946, 0.3249439597129822, 0.24422724545001984, 0.18626292049884796, 0.14946381747722626, 0.12831076979637146, 0.11554016172885895, 0.10514990985393524, 0.09451308101415634, 0.08440788835287094, 0.07706493139266968, 0.07392645627260208, 0.07439225912094116, 0.07606236636638641, 0.07618330419063568, 0.07315683364868164, 0.0670720711350441, 0.05921804532408714, 0.05116964131593704, 0.043987322598695755, 0.0378904789686203, 0.03253810480237007, 0.027637524530291557, 0.023325994610786438, 0.020039934664964676, 0.01809408888220787, 0.017372261732816696, 0.01735066995024681, 0.01740368828177452, 0.017161617055535316, 0.016673311591148376, 0.016269175335764885, 0.01623273640871048, 0.016533710062503815, 0.016833866015076637, 0.016745856031775475, 0.01610817015171051, 0.015064108185470104, 0.01392825786024332, 0.012970425188541412, 0.012269620783627033, 0.011726957745850086, 0.011205725371837616, 0.010664515197277069, 0.010168739594519138, 0.009797003120183945, 0.009554904885590076, 0.009373909793794155, 0.009176716208457947, 0.008940891362726688, 0.008707806468009949, 0.008532868698239326, 0.008425778709352016, 0.00834180973470211, 0.008230837993323803, 0.008088011294603348, 0.007954823784530163, 0.007877291180193424, 0.007864851504564285, 0.007884137332439423, 0.007889434695243835, 0.007860611192882061, 0.007812420837581158, 0.007770007476210594, 0.007741348817944527, 0.007714301347732544, 0.007674184627830982, 0.007620115298777819, 0.007565310224890709, 0.007523503620177507, 0.007496486883610487, 0.007476129103451967, 0.0074565112590789795, 0.0074402280151844025, 0.007432878017425537, 0.007434581872075796, 0.00743818050250411, 0.007435417268425226, 0.007424382492899895, 0.007410160731524229, 0.0073982239700853825, 0.007388725411146879, 0.007378033362329006, 0.007364057004451752, 0.007349060382694006, 0.007337501272559166, 0.007331746630370617, 0.007330297026783228, 0.007330246269702911, 0.007330368738621473, 0.007331270724534988, 0.007333343382924795, 0.007335649337619543, 0.007336681708693504, 0.007335929200053215, 0.007334210444241762, 0.007332378998398781, 0.007330320775508881, 0.007327421102672815, 0.00732378987595439, 0.007320426404476166, 0.007318338844925165, 0.007317588664591312, 0.007317378651350737, 0.00731700612232089, 0.0073164766654372215, 0.007316149305552244, 0.00731612928211689, 0.007316159550100565, 0.007315959315747023, 0.007315539754927158, 0.00731508107855916, 0.007314630318433046, 0.007314096670597792, 0.0073134684935212135, 0.00731292087584734, 0.007312632631510496, 0.007312576752156019, 0.007312560919672251, 0.007312459405511618, 0.007312322501093149, 0.007312270347028971, 0.007312304340302944, 0.007312336005270481, 0.00731228431686759, 0.00731216836720705, 0.007312038913369179, 0.0073119173757731915, 0.007311774883419275, 0.007311613764613867, 0.007311472203582525, 0.007311384659260511, 0.007311326917260885, 0.007311264052987099, 0.0073112077079713345, 0.007311176508665085, 0.007311179768294096, 0.0073111942037940025, 0.007311186753213406, 0.00731117045506835, 0.00731115834787488, 0.0073111518286168575, 0.007311137858778238, 0.007311108987778425, 0.00731107871979475, 0.007311059627681971, 0.007311041466891766, 0.00731103029102087, 0.007311015389859676, 0.007311010733246803, 0.007311008870601654, 0.007311016321182251, 0.007311008870601654, 0.007310998626053333, 0.007310997694730759, 0.007310989312827587, 0.007310982793569565, 0.007310973946005106, 0.007310961373150349, 0.0073109581135213375, 0.007310953922569752, 0.007310951594263315, 0.007310953922569752, 0.007310953456908464, 0.007310953456908464, 0.007310951128602028, 0.007310956716537476, 0.007310953922569752, 0.007310953922569752, 0.007310954853892326, 0.007310951128602028, 0.007310946937650442, 0.00731094554066658, 0.00731094554066658, 0.007310942281037569, 0.007310942281037569, 0.007310943678021431, 0.00731094041839242, 0.0073109399527311325, 0.007310938090085983, 0.0073109399527311325, 0.007310941349714994, 0.0073109399527311325, 0.007310936693102121, 0.007310939021408558, 0.007310939021408558, 0.007310941349714994, 0.007310939021408558, 0.0073109399527311325, 0.0073109399527311325, 0.007310939021408558, 0.007310937624424696, 0.007310939021408558, 0.007310938090085983, 0.007310942281037569, 0.007310941349714994, 0.0073109399527311325, 0.007310936693102121, 0.007310938090085983, 0.007310937624424696, 0.007310936693102121, 0.007310939021408558, 0.007310937624424696, 0.007310939021408558, 0.007310938090085983, 0.007310937624424696, 0.00731094041839242, 0.00731094041839242, 0.007310942281037569, 0.00731094041839242, 0.007310938090085983, 0.007310939021408558, 0.00731094041839242, 0.007310939021408558, 0.007310937624424696, 0.0073109399527311325, 0.00731094041839242, 0.007310939021408558, 0.007310939021408558, 0.007310937624424696, 0.007310938090085983, 0.007310939021408558, 0.0073109399527311325, 0.007310937624424696, 0.0073109399527311325, 0.007310938090085983, 0.0073109399527311325, 0.007310939021408558, 0.0073109399527311325, 0.007310936693102121, 0.007310937624424696, 0.007310936693102121, 0.007310936693102121, 0.007310936693102121, 0.007310934830456972, 0.007310936693102121, 0.007310936693102121, 0.007310937624424696, 0.007310936693102121, 0.007310939021408558, 0.007341210264712572, 0.007382582873106003, 0.0073757958598434925, 0.007369179744273424, 0.007363050244748592, 0.007357383146882057, 0.007352163083851337, 0.007347376551479101, 0.0073430039919912815, 0.00733904866501689, 0.007335482630878687, 0.007332295645028353, 0.007329454645514488, 0.007326928898692131, 0.00732468394562602, 0.007322683464735746, 0.007320886477828026, 0.007319262251257896, 0.0073177325539290905, 0.007316329516470432, 0.007315112743526697, 0.007314068730920553, 0.007313192822039127, 0.007312476169317961, 0.00731191411614418, 0.007311486639082432, 0.007311178836971521, 0.007310987450182438, 0.007310884073376656, 0.007310852408409119, 0.007310875225812197, 0.007310939021408558, 0.007311024237424135, 0.0073111108504235744, 0.007311197929084301, 0.007311276625841856, 0.007311330642551184, 0.00731136417016387, 0.007311372086405754, 0.00731135718524456, 0.007311317138373852, 0.007311266381293535, 0.0073112002573907375, 0.00731112202629447, 0.007311045657843351, 0.007310965098440647, 0.007310887333005667, 0.007310822140425444, 0.007310761138796806, 0.007310714107006788, 0.007310674525797367, 0.007310647517442703, 0.007310621906071901, 0.007310606073588133, 0.007310596294701099, 0.007310586050152779, 0.007310574874281883, 0.00731057720258832, 0.0073105632327497005, 0.007310555782169104, 0.007310547400265932, 0.0073105329647660255, 0.0073105208575725555, 0.00731050968170166, 0.007310501299798489, 0.0073104845359921455, 0.007310474291443825, 0.007310470100492239, 0.007310462184250355, 0.00731046125292778, 0.007310456596314907, 0.007310453336685896, 0.007310455199331045, 0.007310457527637482, 0.007310457993298769, 0.007310458924621344, 0.00731046125292778, 0.007310465443879366, 0.007310463581234217, 0.007310463581234217, 0.007310464512556791, 0.007310462184250355, 0.00731046125292778, 0.007310457993298769, 0.007310458924621344, 0.007310456596314907, 0.007310455199331045, 0.007310452871024609, 0.007310453336685896, 0.007310451939702034, 0.007310447748750448, 0.007310451939702034, 0.007310450077056885, 0.007310450077056885, 0.0073104496113955975, 0.007310447748750448, 0.007310444489121437, 0.007310444489121437, 0.007310444489121437, 0.007310444489121437, 0.007310444489121437, 0.007310444489121437, 0.00731044402346015, 0.007310444489121437, 0.007310446351766586, 0.00731044402346015, 0.007310444489121437, 0.00731044402346015, 0.007310445420444012, 0.007310446351766586, 0.007310445420444012, 0.007310446351766586, 0.007310447283089161, 0.007310445420444012,