{"best_train_err": 0.007394106592983007, "best_test_mse": 0.0004035990859847516, "best_test_mape": 34.183117747306824, "best_test_forecast": 0.0, "train_evolution": [0.7019941806793213, 0.4200793206691742, 0.25706562399864197, 0.184504896402359, 0.16019688546657562, 0.15158426761627197, 0.14015403389930725, 0.12195134907960892, 0.10003462433815002, 0.07729804515838623, 0.05626526474952698, 0.04010911285877228, 0.03156069666147232, 0.031354207545518875, 0.03737665340304375, 0.04542320966720581, 0.05127564072608948, 0.05261974781751633, 0.049622029066085815, 0.04420267418026924, 0.038718171417713165, 0.03474174439907074, 0.03248479589819908, 0.031092511489987373, 0.02941528707742691, 0.026732079684734344, 0.02308988757431507, 0.019151795655488968, 0.01572149060666561, 0.013340402394533157, 0.012201420031487942, 0.012237043119966984, 0.013179754838347435, 0.014588591642677784, 0.015897750854492188, 0.016540145501494408, 0.01617543399333954, 0.01489531435072422, 0.013194977305829525, 0.011699220165610313, 0.010832873173058033, 0.010625063441693783, 0.010758228600025177, 0.010828521102666855, 0.010607486590743065, 0.010121447034180164, 0.009559073485434055, 0.009117189794778824, 0.008890081197023392, 0.008862239308655262, 0.008963779546320438, 0.009108819998800755, 0.009211251512169838, 0.00920549500733614, 0.009070632047951221, 0.008846145123243332, 0.008615704253315926, 0.008450154215097427, 0.008358053863048553, 0.00829071830958128, 0.008190788328647614, 0.00804385170340538, 0.00789058580994606, 0.00778890959918499, 0.007767897564917803, 0.00781282875686884, 0.007881620898842812, 0.007933460175991058, 0.007946121506392956, 0.00791538693010807, 0.007850981317460537, 0.0077736107632517815, 0.0077074202708899975, 0.007668506354093552, 0.007654855493456125, 0.0076483190059661865, 0.007630766369402409, 0.00759869534522295, 0.007563870865851641, 0.007541218772530556, 0.007535602431744337, 0.007540130987763405, 0.007544440682977438, 0.007542458362877369, 0.007534176576882601, 0.007522310595959425, 0.007509381975978613, 0.007497419603168964, 0.007487699389457703, 0.007479876279830933, 0.0074720224365592, 0.007462457288056612, 0.007452121004462242, 0.007444245275110006, 0.007441295776516199, 0.007442492060363293, 0.007444349117577076, 0.0074436841532588005, 0.007439805660396814, 0.007434139493852854, 0.007428587414324284, 0.007424260023981333, 0.007421377580612898, 0.007419561501592398, 0.007418026216328144, 0.007416072767227888, 0.007413587532937527, 0.0074112131260335445, 0.007409712765365839, 0.007409144192934036, 0.007408841513097286, 0.007408076897263527, 0.007406748365610838, 0.0074052647687494755, 0.0074040088802576065, 0.007403036113828421, 0.007402197923511267, 0.007401380687952042, 0.007400562055408955, 0.007399772759526968, 0.007399100810289383, 0.007398670539259911, 0.007398518733680248, 0.007398506160825491, 0.007398374378681183, 0.00739798741415143, 0.00739743746817112, 0.007396928500384092, 0.007396579720079899, 0.007396353874355555, 0.007396175991743803, 0.007395988330245018, 0.0073957983404397964, 0.007395620457828045, 0.007395478896796703, 0.007395394612103701, 0.007395346183329821, 0.0073952884413301945, 0.007395194377750158, 0.007395078428089619, 0.007394968066364527, 0.007394894957542419, 0.007394844200462103, 0.007394788321107626, 0.007394719868898392, 0.0073946621268987656, 0.0073946272023022175, 0.007394605781883001, 0.007394598331302404, 0.007394599262624979, 0.007394586689770222, 0.007394551765173674, 0.007394515909254551, 0.007394490297883749, 0.007394476793706417, 0.007394473534077406, 0.007394462823867798, 0.007394453044980764, 0.0073944441974163055, 0.007394440472126007, 0.007394437212496996, 0.007394438609480858, 0.007394428364932537, 0.007394429296255112, 0.007394422776997089, 0.00739441579207778, 0.007394416723400354, 0.007394414860755205, 0.007394408341497183, 0.007394412532448769, 0.0073944092728197575, 0.007394410204142332, 0.007394410204142332, 0.007394410204142332, 0.007394413463771343, 0.0073944139294326305, 0.007394406944513321, 0.0073944078758358955, 0.007394404616206884, 0.007394402287900448, 0.007394412532448769, 0.0073944078758358955, 0.007394404616206884, 0.0073944078758358955, 0.0073944078758358955, 0.0073944092728197575, 0.007394408341497183, 0.007394406944513321, 0.007394404616206884, 0.007394406013190746, 0.0073944078758358955, 0.007394405547529459, 0.007394406013190746, 0.007394405547529459, 0.0073944032192230225, 0.007394406013190746, 0.007394406013190746, 0.0073944078758358955, 0.0073944078758358955, 0.007394406944513321, 0.007394404616206884, 0.007394402287900448, 0.007394402287900448, 0.00739440368488431, 0.0073944032192230225, 0.0073944032192230225, 0.00739440368488431, 0.00739440368488431, 0.007394402287900448, 0.007394401356577873, 0.007394402287900448, 0.0073944032192230225, 0.007394401356577873, 0.00739440368488431, 0.007394401356577873, 0.0073944032192230225, 0.0073944032192230225, 0.007394404616206884, 0.007394405547529459, 0.007394406013190746, 0.007394406013190746, 0.007394406944513321, 0.007394405547529459, 0.007394406013190746, 0.007354021072387695, 0.007400531321763992, 0.007398983929306269, 0.007397735957056284, 0.007396996952593327, 0.007396620232611895, 0.007396462373435497, 0.0073963915929198265, 0.007396344561129808, 0.0073962826281785965, 0.007396196015179157, 0.007396090310066938, 0.007395971566438675, 0.007395871449261904, 0.007395797874778509, 0.007395757827907801, 0.007395762950181961, 0.0073957848362624645, 0.00739582534879446, 0.007395865395665169, 0.007395893335342407, 0.007395890541374683, 0.007395866326987743, 0.007395818363875151, 0.007395755033940077, 0.007395685650408268, 0.007395617198199034, 0.007395562715828419, 0.007395528256893158, 0.007395508699119091, 0.007395502179861069, 0.007395505905151367, 0.007395513821393251, 0.007395527325570583, 0.007395533844828606, 0.007395539432764053, 0.007395540364086628, 0.007395537104457617, 0.007395528256893158, 0.007395525928586721, 0.007395517081022263, 0.007395510096102953, 0.007395506836473942, 0.007395496591925621, 0.007395496591925621, 0.007395491935312748, 0.007395488675683737, 0.007395484484732151, 0.007395477499812841, 0.0073954761028289795, 0.007395472843199968, 0.007395470980554819, 0.007395471911877394, 0.007395476568490267, 0.007395478431135416, 0.007395477499812841, 0.007395479828119278, 0.007395480759441853, 0.0073954761028289795, 0.007395475171506405, 0.007395473308861256, 0.007395469583570957, 0.007395468652248383, 0.007395467720925808, 0.007395469583570957, 0.007395467255264521, 0.007395467720925808, 0.007395469583570957, 0.007395468652248383, 0.007395469583570957, 0.007395467720925808, 0.007395468652248383, 0.007395466323941946, 0.007395470980554819, 0.007395466323941946, 0.007395465392619371, 0.007395466323941946, 0.007395465392619371, 0.007395467255264521, 0.007395466323941946, 0.007395467255264521, 0.007395467255264521, 0.007395464926958084, 0.007395465392619371, 0.007395465392619371, 0.007395464926958084, 0.007395464926958084, 0.007395466323941946, 0.007395467720925808, 0.007395467255264521, 0.007395464926958084, 0.007395467720925808, 0.007395466323941946, 0.007395468652248383, 0.007395469583570957, 0.007395465392619371, 0.0073954639956355095, 0.007395466323941946, 0.007395464926958084, 0.007395463064312935, 0.007395462598651648, 0.007395462598651648, 0.007395465392619371, 0.0073954639956355095, 0.007395466323941946, 0.007395466323941946, 0.007395466323941946, 0.007395468652248383, 0.007395467720925808, 0.007395466323941946, 0.007395467255264521, 0.007395466323941946, 0.007395466323941946, 0.007395467255264521, 0.007395465392619371],