{"best_train_err": 0.007275789976119995, "best_test_mse": 0.00047285680193454027, "best_test_mape": 41.42045974731445, "best_test_forecast": 0.0, "train_evolution": [0.5039668083190918, 0.2851085662841797, 0.19430376589298248, 0.16553480923175812, 0.14558717608451843, 0.11825945973396301, 0.08832627534866333, 0.06581874191761017, 0.05666010081768036, 0.05887872353196144, 0.06489589810371399, 0.06734052300453186, 0.06324276328086853, 0.05411415919661522, 0.04347365349531174, 0.03429529070854187, 0.027784282341599464, 0.02364427223801613, 0.021019630134105682, 0.01924736425280571, 0.018098827451467514, 0.017588544636964798, 0.017677361145615578, 0.018182262778282166, 0.018872391432523727, 0.019537489861249924, 0.01996891014277935, 0.01994086243212223, 0.019260454922914505, 0.01789114437997341, 0.016063911840319633, 0.014228777959942818, 0.012817798182368279, 0.011991732753813267, 0.011576625518500805, 0.01123942993581295, 0.010764766484498978, 0.010211501270532608, 0.009820975363254547, 0.009765371680259705, 0.009966704994440079, 0.010145657695829868, 0.010049437172710896, 0.009651083499193192, 0.009147372096776962, 0.008772052824497223, 0.00860394537448883, 0.008537095971405506, 0.008417274802923203, 0.008198528550565243, 0.007972986437380314, 0.007863724604249, 0.007899736985564232, 0.007993926294147968, 0.008031901903450489, 0.007972808554768562, 0.0078660249710083, 0.007783145178109407, 0.007745825685560703, 0.00771945808082819, 0.007665119133889675, 0.007585279177874327, 0.0075172060169279575, 0.007490428630262613, 0.007498502731323242, 0.007511186879128218, 0.007506531197577715, 0.007486248388886452, 0.00746361818164587, 0.007444280199706554, 0.007422692142426968, 0.0073936558328568935, 0.007361509837210178, 0.007336155045777559, 0.007323054596781731, 0.007319667376577854, 0.007320582401007414, 0.007323029916733503, 0.00732657453045249, 0.007329761981964111, 0.007329806685447693, 0.007325589656829834, 0.007319111842662096, 0.007313106209039688, 0.007308150175958872, 0.0073031350038945675, 0.007297968026250601, 0.0072942799888551235, 0.007293169852346182, 0.007293338887393475, 0.007292503025382757, 0.0072900764644145966, 0.007287642452865839, 0.007286494597792625, 0.007285927422344685, 0.007284375373274088, 0.007281751837581396, 0.007279656827449799, 0.0072793252766132355, 0.007280149031430483, 0.0072806719690561295, 0.007280438207089901, 0.00728021701797843, 0.007280582562088966, 0.00728097278624773, 0.00728049548342824, 0.007279167417436838, 0.0072778924368321896, 0.007277355995029211, 0.007277355995029211, 0.007277339696884155, 0.00727715203538537, 0.007277065888047218, 0.007277193944901228, 0.007277296390384436, 0.007277100346982479, 0.007276664953678846, 0.007276269141584635, 0.007276088465005159, 0.007276071701198816, 0.007276100572198629, 0.007276141084730625, 0.007276182994246483, 0.007276222109794617, 0.007276237942278385, 0.007276193704456091, 0.00727611081674695, 0.007275987416505814, 0.007275873329490423, 0.007275811862200499, 0.007275805808603764, 0.007275812793523073, 0.007275792304426432, 0.007275751791894436, 0.007275745272636414, 0.007275755517184734, 0.007275738753378391, 0.007275689393281937, 0.0072756484150886536, 0.0072756484150886536, 0.007275659590959549, 0.0072756665758788586, 0.0072756544686853886, 0.007275646552443504, 0.007275660056620836, 0.007275664247572422, 0.0072756484150886536, 0.00727562140673399, 0.007275611162185669, 0.007275611162185669, 0.007275611162185669, 0.007275604642927647, 0.007275597658008337, 0.007275600451976061, 0.00727560231462121, 0.0072755999863147736, 0.007275594864040613, 0.007275594398379326, 0.007275591138750315, 0.007275593467056751, 0.007275591138750315, 0.007275592535734177, 0.007275592070072889, 0.0072755892761051655, 0.0072755892761051655, 0.007275588810443878, 0.007275588810443878, 0.007275584619492292, 0.007275584619492292, 0.007275585550814867, 0.0072755878791213036, 0.007275581359863281, 0.007275583688169718, 0.007275579962879419, 0.007275585550814867, 0.007275584619492292, 0.007275584619492292, 0.007275580894201994, 0.007275582291185856, 0.007275578565895557, 0.007275579962879419, 0.007275580894201994, 0.0072755832225084305, 0.007275582291185856, 0.0072755832225084305, 0.007275583688169718, 0.007275582291185856, 0.007275580894201994, 0.0072755832225084305, 0.007275585550814867, 0.0072755832225084305, 0.007275583688169718, 0.007275584619492292, 0.007275582291185856, 0.007275579962879419, 0.007275581359863281, 0.0072755832225084305, 0.007275582291185856, 0.0072755832225084305, 0.007331016939133406, 0.007370064500719309, 0.007361060939729214, 0.007352130487561226, 0.007343785837292671, 0.007336096838116646, 0.0073290602304041386, 0.007322676945477724, 0.007316925097256899, 0.0073117720894515514, 0.007307160180062056, 0.007303034421056509, 0.007299338933080435, 0.007296010851860046, 0.007293011527508497, 0.0072903078980743885, 0.0072878762148320675, 0.00728570856153965, 0.007283803075551987, 0.00728214904665947, 0.007280745077878237, 0.007279581390321255, 0.007278649136424065, 0.007277925964444876, 0.007277390919625759, 0.007277026306837797, 0.007276797667145729, 0.007276675198227167, 0.007276636082679033, 0.00727663841098547, 0.007276678457856178, 0.007276721764355898, 0.007276761811226606, 0.00727678881958127, 0.007276792544871569, 0.007276777643710375, 0.007276749704033136, 0.007276702206581831, 0.007276646327227354, 0.00727658299729228, 0.007276513613760471, 0.007276440039277077, 0.007276366930454969, 0.007276291027665138, 0.0072762141935527325, 0.007276137825101614, 0.007276063319295645, 0.007275988347828388, 0.0072759175673127174, 0.007275850977748632, 0.007275790441781282, 0.0072757406160235405, 0.00727569917216897, 0.0072756679728627205, 0.00727563863620162, 0.0072756195440888405, 0.0072756134904921055, 0.007275603711605072, 0.007275597658008337, 0.007275597658008337, 0.0072755999863147736, 0.007275594864040613, 0.007275591138750315, 0.007275585550814867, 0.0072755832225084305, 0.007275578565895557, 0.007275573443621397, 0.007275567855685949, 0.007275561802089214, 0.007275556214153767, 0.00727554876357317, 0.007275545969605446, 0.007275540381669998, 0.0072755347937345505, 0.007275530602782965, 0.007275526877492666, 0.007275519426912069, 0.007275519426912069, 0.007275517098605633, 0.007275517098605633, 0.007275510113686323, 0.007275510113686323, 0.00727551244199276, 0.007275506854057312, 0.00727551244199276, 0.00727551244199276, 0.007275511510670185, 0.007275516167283058, 0.007275514770299196, 0.007275515701621771, 0.007275513838976622, 0.007275513373315334, 0.007275515701621771, 0.007275515701621771, 0.00727551244199276, 0.007275510113686323, 0.007275510113686323, 0.0072755105793476105, 0.007275511510670185, 0.0072755091823637486, 0.007275506854057312, 0.007275507785379887, 0.007275508251041174, 0.007275505922734737, 0.00727550545707345, 0.007275506854057312, 0.0072755045257508755, 0.0072755045257508755, 0.0072755045257508755, 0.007275506854057312, 0.007275505922734737, 0.007275507785379887, 0.007275505922734737, 0.007275506854057312, 0.007275506854057312],