{"best_train_err": 0.0071030729450285435, "best_test_mse": 0.0029276199638843536, "best_test_mape": 58.09107422828674, "best_test_forecast": 0.0, "train_evolution": [0.6318770051002502, 0.44651928544044495, 0.33361876010894775, 0.26554566621780396, 0.21279489994049072, 0.1641923189163208, 0.12241519242525101, 0.0929953083395958, 0.07534309476613998, 0.0642080083489418, 0.05485404282808304, 0.04508382827043533, 0.034924715757369995, 0.025891344994306564, 0.020054468885064125, 0.018696283921599388, 0.021361814811825752, 0.026153480634093285, 0.03104664571583271, 0.03498462587594986, 0.037801165133714676, 0.03947342559695244, 0.03976523131132126, 0.038457948714494705, 0.03561047464609146, 0.031565140932798386, 0.026872921735048294, 0.022217873483896255, 0.018221624195575714, 0.015194319188594818, 0.013089204207062721, 0.011707227677106857, 0.010882570408284664, 0.010460630059242249, 0.010230799205601215, 0.010010371915996075, 0.009773315861821175, 0.009620790369808674, 0.009638684801757336, 0.00982491485774517, 0.01011323556303978, 0.010406941175460815, 0.01061339769512415, 0.010694144293665886, 0.010664235800504684, 0.01051724050194025, 0.010192274115979671, 0.009656033478677273, 0.008988100104033947, 0.008346992544829845, 0.00786429364234209, 0.007580808829516172, 0.00745340995490551, 0.007405306678265333, 0.007389855571091175, 0.007414530962705612, 0.007493665441870689, 0.007594694383442402, 0.007657690905034542, 0.007657038513571024, 0.0076198033057153225, 0.007589786313474178, 0.0075867148116230965, 0.007592639420181513, 0.0075719160959124565, 0.00750951562076807, 0.0074259196408092976, 0.00734949903562665, 0.007286902517080307, 0.007229171693325043, 0.007174171041697264, 0.007132749073207378, 0.00711803138256073, 0.007131625898182392, 0.007158997002989054, 0.007181473542004824, 0.007192465476691723, 0.007196969352662563, 0.007199037354439497, 0.007197045721113682, 0.007188708987087011, 0.007175161968916655, 0.00716080516576767, 0.007149692624807358, 0.007141584064811468, 0.007133429870009422, 0.007124373223632574, 0.007116335444152355, 0.007110921666026115, 0.007108396850526333, 0.0071083246730268, 0.0071099307388067245, 0.007112556602805853, 0.007115622516721487, 0.007118066307157278, 0.007119007408618927, 0.007118418347090483, 0.00711653009057045, 0.007113595027476549, 0.007110330276191235, 0.007107581477612257, 0.007105697877705097, 0.007104551885277033, 0.007103754207491875, 0.007103115785866976, 0.00710285035893321, 0.007103015668690205, 0.007103255949914455, 0.007103336043655872, 0.007103407755494118, 0.0071036722511053085, 0.007104045711457729, 0.007104166317731142, 0.0071038114838302135, 0.007103185635060072, 0.007102594710886478, 0.007102085277438164, 0.007101581897586584, 0.00710115535184741, 0.007100967690348625, 0.0071010589599609375, 0.007101257797330618, 0.007101359311491251, 0.007101364899426699, 0.0071013737469911575, 0.007101401686668396, 0.007101397030055523, 0.007101337891072035, 0.007101257797330618, 0.007101214025169611, 0.007101163268089294, 0.007101062219589949, 0.007100927177816629, 0.007100824732333422, 0.0071007744409143925, 0.0071007730439305305, 0.007100787945091724, 0.007100820075720549, 0.007100856397300959, 0.00710088899359107, 0.00710088899359107, 0.007100866641849279, 0.007100841961801052, 0.007100815884768963, 0.007100800983607769, 0.0071007865481078625, 0.0071007730439305305, 0.0071007562801241875, 0.007100744638592005, 0.007100729271769524, 0.007100726943463087, 0.0071007260121405125, 0.007100732531398535, 0.007100744638592005, 0.007100751623511314, 0.00710075069218874, 0.007100746035575867, 0.0071007381193339825, 0.007100729271769524, 0.0071007260121405125, 0.007100723683834076, 0.007100722752511501, 0.007100716698914766, 0.007100715767592192, 0.007100715767592192, 0.00710071437060833, 0.007100718095898628, 0.007100718095898628, 0.007100721355527639, 0.007100719027221203, 0.007100715767592192, 0.007100718095898628, 0.007100719027221203, 0.00710071437060833, 0.007100709248334169, 0.0071007078513503075, 0.007100711110979319, 0.007100709248334169, 0.007100713439285755, 0.007100714836269617, 0.007100713439285755, 0.0071007125079631805, 0.00710071437060833, 0.007100711110979319, 0.0071007125079631805, 0.007100714836269617, 0.0071007125079631805, 0.007100713439285755, 0.007100712042301893, 0.007100714836269617, 0.0071007125079631805, 0.007100712042301893, 0.0071007125079631805, 0.0071007125079631805, 0.007100709248334169, 0.007100709248334169, 0.007100708782672882, 0.007100711110979319, 0.007100712042301893, 0.007100712042301893, 0.0071007125079631805, 0.007100711110979319, 0.007100712042301893, 0.007100711110979319, 0.007100711110979319, 0.0071007125079631805, 0.00710071437060833, 0.007100711110979319, 0.007100711110979319, 0.007100711110979319, 0.007100711110979319, 0.0071007125079631805, 0.007100711110979319, 0.007100710179656744, 0.007100709248334169, 0.007100708782672882, 0.007100712042301893, 0.007100711110979319, 0.007100712042301893, 0.0071007125079631805, 0.007100711110979319, 0.007100711110979319, 0.007100712042301893, 0.007100712042301893, 0.007100712042301893, 0.007100711110979319, 0.0071007125079631805, 0.007100713439285755, 0.007100711110979319, 0.007100712042301893, 0.007100713439285755, 0.0071007125079631805, 0.0071007125079631805, 0.007100712042301893, 0.0071007125079631805, 0.007100712042301893, 0.007100712042301893, 0.007100712042301893, 0.007100711110979319, 0.007100712042301893, 0.0071007125079631805, 0.007100712042301893, 0.0071007125079631805, 0.0071007125079631805, 0.0071007125079631805, 0.0071007125079631805, 0.0071007125079631805, 0.0071007125079631805, 0.0072558666579425335, 0.00729352468624711, 0.00728354649618268, 0.007273650262504816, 0.0072640650905668736, 0.0072547439485788345, 0.007245679851621389, 0.007236897479742765, 0.007228408940136433, 0.007220244500786066, 0.007212393451482058, 0.007204863242805004, 0.007197641767561436, 0.007190720643848181, 0.00718408590182662, 0.007177749648690224, 0.007171704899519682, 0.007165963761508465, 0.007160522975027561, 0.007155383471399546, 0.0071505350060760975, 0.007145977113395929, 0.007141691166907549, 0.00713767297565937, 0.007133925799280405, 0.0071304356679320335, 0.007127194665372372, 0.007124205585569143, 0.007121454458683729, 0.007118928711861372, 0.007116625551134348, 0.007114523556083441, 0.007112616673111916, 0.007110894657671452, 0.0071093314327299595, 0.0071079120971262455, 0.00710654491558671, 0.007105336990207434, 0.00710429297760129, 0.007103406824171543, 0.007102667819708586, 0.007102069444954395, 0.0071015977300703526, 0.00710123497992754, 0.0071009802632033825, 0.007100807968527079, 0.007100708782672882, 0.007100651506334543, 0.007100611925125122, 0.007100579794496298, 0.007100556045770645, 0.007100533228367567, 0.007100505288690329, 0.007100473623722792, 0.007100445684045553, 0.007100418675690889, 0.007100396323949099, 0.007100376300513744, 0.007100360468029976, 0.007100346963852644, 0.007100340910255909, 0.007100341375917196, 0.0071003432385623455, 0.007100350223481655, 0.007100356742739677, 0.007100366987287998, 0.007100371643900871, 0.007100377231836319, 0.0071003795601427555, 0.007100377231836319, 0.007100370712578297, 0.007100362796336412, 0.007100353483110666, 0.007100340910255909, 0.007100324146449566, 0.007100308779627085, 0.007100293878465891, 0.007100280374288559, 0.007100265007466078, 0.00710025429725647, 0.007100243121385574, 0.007100231014192104, 0.00710022309795022, 0.007100215181708336, 0.007100208196789026, 0.007100203074514866, 0.007100198417901993, 0.007100195158272982, 0.0071001905016601086, 0.007100189570337534, 0.007100188173353672, 0.007100182585418224, 0.00710018165409565, 0.007100181188434362, 0.007100177928805351, 0.0071001783944666386, 0.007100176066160202, 0.007100176066160202, 0.007100179325789213, 0.00710017466917634, 0.007100175600498915, 0.00710017466917634, 0.007100175600498915, 0.007100176066160202, 0.007100176997482777, 0.007100176997482777, 0.007100176997482777, 0.0071001783944666386, 