{"best_train_err": 0.007298934739083052, "best_test_mse": 0.0034966592211276293, "best_test_mape": 139.4534945487976, "best_test_forecast": 0.0, "train_evolution": [0.8585867285728455, 0.5995519161224365, 0.43019115924835205, 0.3231981694698334, 0.25868281722068787, 0.22104179859161377, 0.19666928052902222, 0.17553281784057617, 0.1522805094718933, 0.1268063336610794, 0.10206727683544159, 0.08131963759660721, 0.06618475168943405, 0.0561988465487957, 0.05002080649137497, 0.04666979983448982, 0.04547008126974106, 0.04534674808382988, 0.04468165338039398, 0.04218560457229614, 0.037959616631269455, 0.03348981589078903, 0.030485736206173897, 0.02961588278412819, 0.030161282047629356, 0.030742311850190163, 0.03034389205276966, 0.028764134272933006, 0.02634396031498909, 0.02348574623465538, 0.020472442731261253, 0.017605064436793327, 0.015285799279808998, 0.013834700919687748, 0.013237183913588524, 0.013130167499184608, 0.01306230016052723, 0.012762581929564476, 0.012191888876259327, 0.01143395621329546, 0.010618309490382671, 0.009929951280355453, 0.009582389146089554, 0.00967988558113575, 0.01009528897702694, 0.010532605461776257, 0.010744890198111534, 0.010690247640013695, 0.010480917990207672, 0.010220750235021114, 0.009927104227244854, 0.009589169174432755, 0.00923865009099245, 0.008927925489842892, 0.008664324879646301, 0.008407426066696644, 0.008134517818689346, 0.007881704717874527, 0.0077085113152861595, 0.0076387859880924225, 0.007648083381354809, 0.007693897467106581, 0.007739535998553038, 0.007757149636745453, 0.007733415346592665, 0.007682137656956911, 0.007637863513082266, 0.007624984718859196, 0.0076369536109268665, 0.007650086190551519, 0.00764966756105423, 0.007634694688022137, 0.007605106104165316, 0.007559164427220821, 0.00750438729301095, 0.007458800449967384, 0.007434918079525232, 0.007427793461829424, 0.007423299364745617, 0.007413587532937527, 0.007400528062134981, 0.00738843297585845, 0.007379608228802681, 0.0073753646574914455, 0.007375666406005621, 0.007377375848591328, 0.007376119494438171, 0.00737056415528059, 0.007362873759120703, 0.007355228532105684, 0.007348381914198399, 0.007343028672039509, 0.007339739240705967, 0.0073371282778680325, 0.007332630921155214, 0.007325825747102499, 0.0073193153366446495, 0.007315689232200384, 0.007315062917768955, 0.00731602543964982, 0.007317415904253721, 0.007318450137972832, 0.007318392861634493, 0.007317115552723408, 0.007315379101783037, 0.007313967682421207, 0.007312977686524391, 0.007312100846320391, 0.007311101071536541, 0.007309791631996632, 0.007308179046958685, 0.007306624203920364, 0.007305632811039686, 0.00730517553165555, 0.007304820232093334, 0.007304308004677296, 0.007303742691874504, 0.007303256541490555, 0.00730284396559, 0.007302580866962671, 0.0073025282472372055, 0.007302580866962671, 0.0073025221936404705, 0.007302271667867899, 0.007301925215870142, 0.00730159692466259, 0.00730134267359972, 0.007301177363842726, 0.007301050238311291, 0.00730088958516717, 0.0073006837628781796, 0.007300492376089096, 0.007300356402993202, 0.00730026513338089, 0.007300209254026413, 0.007300179917365313, 0.00730014918372035, 0.0073000844568014145, 0.007300012279301882, 0.007299955002963543, 0.0072999075055122375, 0.007299854885786772, 0.007299788761883974, 0.007299716584384441, 0.0072996425442397594, 0.007299591787159443, 0.007299563381820917, 0.007299555465579033, 0.0072995503433048725, 0.007299540098756552, 0.00729952659457922, 0.007299506105482578, 0.007299486082047224, 0.007299482356756926, 0.007299474440515041, 0.007299464661628008, 0.007299447897821665, 0.0072994353249669075, 0.007299421820789576, 0.007299413904547691, 0.007299403659999371, 0.007299398072063923, 0.00729939341545105, 0.007299385033547878, 0.007299377117305994, 0.007299378979951143, 0.007299375720322132, 0.007299373392015696, 0.0072993687354028225, 0.007299371063709259, 0.007299363613128662, 0.0072993622161448, 0.007299360819160938, 0.007299359887838364, 0.007299361284822226, 0.007299358956515789, 0.007299358025193214, 0.007299352437257767, 0.007299351040273905, 0.007299355231225491, 0.007299357559531927, 0.007299354299902916, 0.007299354299902916, 0.007299354299902916, 0.007299353368580341, 0.007299353368580341, 0.007299351971596479, 0.00729935010895133, 0.007299349643290043, 0.007299351971596479, 0.007299351971596479, 0.00729935010895133, 0.007299349643290043, 0.007299349643290043, 0.007299349643290043, 0.00729935010895133, 0.007299347780644894, 0.007299353368580341, 0.007299351971596479, 0.007299351040273905, 0.00729935010895133, 0.007299351040273905, 0.007299349643290043, 0.007299347780644894, 0.007299348711967468, 0.00729935010895133, 0.007299351040273905, 0.007299349643290043, 0.007299348711967468, 0.007299351971596479, 0.007299348711967468, 0.007299348711967468, 0.007299348711967468, 0.00729935010895133, 0.007299352437257767, 0.007299351971596479, 0.007299351971596479, 0.007299351971596479, 0.007299351040273905, 0.00729935010895133, 0.00729935010895133, 0.007299349643290043, 0.007299349643290043, 0.007299348711967468, 0.007299347780644894, 0.007299349643290043, 0.007299347780644894, 0.007299348711967468, 0.007299349643290043, 0.007299349643290043, 0.007299349643290043, 0.007299349643290043, 0.007299348711967468, 0.007299347780644894, 0.007299348711967468, 0.007299348711967468, 0.007299348711967468, 0.00729935010895133, 0.00729935010895133, 0.00729935010895133, 0.00729935010895133, 0.00729935010895133, 0.007299351040273905, 0.007299349643290043, 0.007299349643290043, 0.007299348711967468, 0.007299348711967468, 0.007299349643290043, 0.00729935010895133, 0.007299351040273905, 0.007299351040273905, 0.007299351040273905, 0.00729935010895133, 0.007299351040273905, 0.00729935010895133, 0.00729935010895133, 0.00729935010895133, 0.007299351971596479, 0.007299351971596479, 0.007299351040273905, 0.007299351040273905, 0.007299351040273905, 0.007299351040273905, 0.007334414403885603, 0.007375237997621298, 0.0073678805492818356, 0.007360656280070543, 0.007353637367486954, 0.007347135804593563, 0.007341091986745596, 0.007335500326007605, 0.007330369204282761, 0.00732568372040987, 0.0073213777504861355, 0.007317540235817432, 0.007314164657145739, 0.007311232853680849, 0.0073087336495518684, 0.0073066395707428455, 0.007304925471544266, 0.00730355829000473, 0.007302503101527691, 0.007301720790565014, 0.007301177363842726, 0.00730082206428051, 0.007300614845007658, 0.007300522644072771, 0.007300509139895439, 0.007300536148250103, 0.007300585508346558, 0.007300633005797863, 0.007300667930394411, 0.007300680503249168, 0.007300663739442825, 0.0073006185702979565, 0.007300547789782286, 0.007300456520169973, 0.007300341967493296, 0.007300222758203745, 0.007300089579075575, 0.007299962919205427, 0.007299831137061119, 0.007299715653061867, 0.0072996062226593494, 0.00729950750246644, 0.00729942275211215, 0.007299355231225491, 0.007299295626580715, 0.007299248594790697, 0.007299212738871574, 0.007299186661839485, 0.007299161981791258, 0.007299141492694616, 0.007299124728888273, 0.00729910796508193, 0.007299094460904598, 0.007299083285033703, 0.007299068849533796, 0.007299057208001614, 0.007299042772501707, 0.007299029268324375, 0.007299021352082491, 0.007299007847905159, 0.007299000397324562, 0.007298991084098816, 0.00729898689314723, 0.007298986427485943, 0.0072989813052117825, 0.0072989799082279205, 0.007298973388969898, 0.007298973388969898, 0.007298976648598909, 0.007298976182937622, 0.007298973388969898, 0.007298971060663462, 0.007298974320292473, 0.007298967335373163, 0.007298964075744152, 0.007298958487808704, 0.007298953831195831, 0.007298955228179693, 0.00729895057156682, 0.007298945914953947, 0.007298944052308798, 0.0072989435866475105, 0.007298941724002361, 0.007298937067389488, 0.007298935204744339, 0.007298933807760477, 0.007298935204744339, 0.007298935204744339, 0.007298934739083052, 0.007298936136066914, 0.007298936136066914, 0.007298936136066914, 0.007298936136066914, 0.007298937998712063, 0.007298937998712063, 