{"best_train_err": 0.007326397113502026, "best_test_mse": 0.00022896578593645245, "best_test_mape": 18.561305105686188, "best_test_forecast": 9.0, "train_evolution": [1.0146427154541016, 0.7918773293495178, 0.5914312601089478, 0.43719446659088135, 0.3219941258430481, 0.23513448238372803, 0.17406801879405975, 0.13513468205928802, 0.11091838032007217, 0.095746710896492, 0.08728357404470444, 0.08379534631967545, 0.08234386146068573, 0.0801793783903122, 0.07666522264480591, 0.07245755940675735, 0.06787320226430893, 0.06279794871807098, 0.05752861872315407, 0.05275554955005646, 0.048804812133312225, 0.045422449707984924, 0.04235313460230827, 0.039704423397779465, 0.03756711259484291, 0.035643335431814194, 0.03353942930698395, 0.03119749203324318, 0.028805173933506012, 0.02646893449127674, 0.024198295548558235, 0.02208409085869789, 0.020263906568288803, 0.01876453123986721, 0.017538370564579964, 0.016593176871538162, 0.015945738181471825, 0.015507237054407597, 0.01513572409749031, 0.014756185933947563, 0.014343813993036747, 0.013859267346560955, 0.013281319290399551, 0.01264310535043478, 0.011981062591075897, 0.011310603469610214, 0.010676498524844646, 0.010148322209715843, 0.009747989475727081, 0.009448839351534843, 0.00923733226954937, 0.009109625592827797, 0.009032979607582092, 0.008970843628048897, 0.008913937956094742, 0.0088501563295722, 0.008752373047173023, 0.008618696592748165, 0.008474061265587807, 0.008328592404723167, 0.00818103551864624, 0.008047384209930897, 0.007944473996758461, 0.007868589833378792, 0.007813830859959126, 0.007780184969305992, 0.007756681647151709, 0.007728413213044405, 0.007694740314036608, 0.007658686023205519, 0.007616152986884117, 0.0075683570466935635, 0.007524081971496344, 0.007487633265554905, 0.007460306864231825, 0.007445292081683874, 0.00744146853685379, 0.007443232927471399, 0.007447242271155119, 0.007450607139617205, 0.0074484944343566895, 0.007438940461724997, 0.00742366025224328, 0.00740481074899435, 0.007385354954749346, 0.007368662394583225, 0.007356313988566399, 0.007349004037678242, 0.007347048260271549, 0.007349004969000816, 0.007352716289460659, 0.007356557995080948, 0.007359014358371496, 0.0073592751286923885, 0.0073575545102357864, 0.007354112807661295, 0.007349553517997265, 0.0073450966738164425, 0.007341335993260145, 0.007338330149650574, 0.0073362719267606735, 0.007334987632930279, 0.007334134541451931, 0.007333762012422085, 0.007333678659051657, 0.007333629298955202, 0.007333735935389996, 0.0073339566588401794, 0.007334057707339525, 0.007334019523113966, 0.007333771791309118, 0.007333183661103249, 0.007332367356866598, 0.007331397850066423, 0.007330324966460466, 0.007329398766160011, 0.00732874870300293, 0.007328398525714874, 0.007328350562602282, 0.007328517735004425, 0.0073287528939545155, 0.0073289708234369755, 0.007329065352678299, 0.007328992243856192, 0.00732880225405097, 0.007328525651246309, 0.0073282308876514435, 0.007327979430556297, 0.007327798288315535, 0.007327698171138763, 0.007327673025429249, 0.007327673491090536, 0.007327675819396973, 0.007327663246542215, 0.007327629253268242, 0.00732757430523634, 0.007327510043978691, 0.007327450439333916, 0.0073274048045277596, 0.007327370811253786, 0.007327358704060316, 0.007327354047447443, 0.007327348459511995, 0.007327348459511995, 0.007327344734221697, 0.00732733029872179, 0.007327317725867033, 0.007327306549996138, 0.0073273018933832645, 0.007327292114496231, 0.007327282801270485, 0.0073272730223834515, 0.007327267434448004, 0.007327256258577108, 0.007327249273657799, 0.007327239494770765, 0.0073272413574159145, 0.007327233906835318, 0.007327231112867594, 0.007327231578528881, 0.007327232509851456, 0.007327233906835318, 0.00732723344117403, 0.007327232509851456, 0.007327232509851456, 0.007327227853238583, 0.007327228784561157, 0.007327227853238583, 0.00732722133398056, 0.00732722133398056, 0.007327219936996698, 0.007327219936996698, 0.007327218074351549, 0.007327215280383825, 0.007327216677367687, 0.007327213417738676, 0.007327216677367687, 0.007327214349061251, 0.007327215746045113, 0.007327217608690262, 0.007327215746045113, 0.007327215746045113, 0.007327216677367687, 0.0073272124864161015, 0.0073272124864161015, 0.007327215280383825, 0.0073272110894322395, 0.007327209692448378, 0.007327207829803228, 0.007327212020754814, 0.007327212020754814, 0.007327213417738676, 0.007387341000139713, 0.007428046315908432, 0.007420365232974291, 0.007412933744490147, 0.0074060154147446156, 0.007399572059512138, 0.007393587380647659, 0.007388055324554443, 0.007382961921393871, 0.007378293666988611, 0.007374053820967674, 0.007370217703282833, 0.0073667289689183235, 0.007363557815551758, 0.00736067071557045, 0.007358063943684101, 0.007355702109634876, 0.007353571243584156, 0.00735160056501627, 0.007349821738898754, 0.00734820868819952, 0.0073467581532895565, 0.007345454767346382, 0.007344276178628206, 0.007343186065554619, 0.007342170458287001, 0.007341220509260893, 0.007340339012444019, 0.0073395236395299435, 0.007338758558034897, 0.0073380498215556145, 0.007337397895753384, 0.00733679486438632, 0.0073362416587769985, 0.007335735950618982, 0.007335271220654249, 0.007334853056818247, 0.007334469351917505, 0.0073341308161616325, 0.00733382860198617, 0.007333558518439531, 0.00733331311494112, 0.007333100773394108, 0.007332917302846909, 0.007332747336477041, 0.0073326057754457, 0.007332479115575552, 0.007332364097237587, 0.007332266308367252, 0.007332175970077515, 0.007332099601626396, 0.007332023233175278, 0.007331958040595055, 0.007331900764256716, 0.007331851404160261, 0.007331805303692818, 0.007331772707402706, 0.007331737782806158, 0.007331704255193472, 0.007331676781177521, 0.007331653498113155, 0.007331631146371365, 0.007331615313887596, 0.007331595756113529, 0.007331580389291048, 0.007331567816436291, 0.007331553380936384, 0.007331544533371925, 0.007331527303904295, 0.0073315161280334, 0.007331501692533493, 0.007331487722694874, 0.007331478875130415, 0.00733146769925952, 0.007331455126404762, 0.007331447675824165, 0.007331435102969408, 0.007331419736146927, 0.007331412751227617, 0.007331403438001871, 0.007331392727792263, 0.007331385742872953, 0.007331377826631069, 0.007331371307373047, 0.007331363391131163, 0.0073313601315021515, 0.007331355474889278, 0.0073313466273248196, 0.007331338711082935, 0.007331334054470062, 0.0073313284665346146, 0.007331326138228178, 0.007331319618970156, 0.007331317290663719, 0.0073313103057444096, 0.007331309374421835, 0.007331303786486387, 0.007331302389502525, 0.007331300061196089, 0.0073312981985509396, 0.0073312935419380665, 0.007331285625696182, 0.007331284694373608, 0.007331281900405884, 0.0073312800377607346, 0.007331277709454298, 0.007331273052841425],