{"best_train_err": 0.0073883202858269215, "best_test_mse": 9.567711094859987e-05, "best_test_mape": 44.49611306190491, "best_test_forecast": 0.0, "train_evolution": [0.6308925151824951, 0.4555971920490265, 0.35536378622055054, 0.2702248990535736, 0.19939056038856506, 0.15286493301391602, 0.12721283733844757, 0.11302191764116287, 0.10223771631717682, 0.0909736305475235, 0.07826098799705505, 0.06520959734916687, 0.054144300520420074, 0.04608580842614174, 0.039850711822509766, 0.03391725942492485, 0.028444010764360428, 0.025064805522561073, 0.024826157838106155, 0.026711788028478622, 0.02848811447620392, 0.028835047036409378, 0.028170974925160408, 0.027505528181791306, 0.02701537124812603, 0.025970136746764183, 0.023804854601621628, 0.020844219252467155, 0.017944445833563805, 0.01574038341641426, 0.014357582665979862, 0.013596504926681519, 0.013176673091948032, 0.012895054183900356, 0.01272638887166977, 0.01277184672653675, 0.013009864836931229, 0.01315407082438469, 0.012899070046842098, 0.012275293469429016, 0.011601804755628109, 0.011083352379500866, 0.010618723928928375, 0.010056659579277039, 0.00947045162320137, 0.00905449315905571, 0.008855437859892845, 0.008742011152207851, 0.00859480258077383, 0.008414158597588539, 0.008257637731730938, 0.008158346638083458, 0.008107964880764484, 0.008070516400039196, 0.00801741611212492, 0.007970535196363926, 0.007981901057064533, 0.008052217774093151, 0.008114163763821125, 0.008119836449623108, 0.008093019016087055, 0.008066492155194283, 0.008022028021514416, 0.007930880412459373, 0.007810567505657673, 0.007703126408159733, 0.007625707890838385, 0.0075699822045862675, 0.007528600282967091, 0.007502658758312464, 0.007495126686990261, 0.007504289969801903, 0.007518264465034008, 0.007521824911236763, 0.0075137983076274395, 0.0075055998750030994, 0.007500119972974062, 0.007489044219255447, 0.007472113240510225, 0.0074598053470253944, 0.007455788552761078, 0.0074529689736664295, 0.007446787320077419, 0.007439751178026199, 0.007434303872287273, 0.007429824210703373, 0.007424912415444851, 0.007419309578835964, 0.007414729800075293, 0.00741314422339201, 0.007413375657051802, 0.007412693463265896, 0.007411298807710409, 0.0074107591062784195, 0.007409809622913599, 0.007406494580209255, 0.007401960901916027, 0.007398362271487713, 0.007395872380584478, 0.007393865846097469, 0.007392482832074165, 0.0073921349830925465, 0.007392780389636755, 0.0073937964625656605, 0.007394394371658564, 0.007394484709948301, 0.007394492160528898, 0.007394257467240095, 0.0073934756219387054, 0.00739259971305728, 0.007392093539237976, 0.007391682825982571, 0.007391081657260656, 0.007390499114990234, 0.007390112150460482, 0.007389814127236605, 0.007389485836029053, 0.007389165926724672, 0.007388977333903313, 0.007388989441096783, 0.007389071863144636, 0.007389146834611893, 0.007389273028820753, 0.007389407139271498, 0.007389404345303774, 0.007389291189610958, 0.0073891873471438885, 0.007389088626950979, 0.007388962898403406, 0.007388848811388016, 0.007388792932033539, 0.007388785947114229, 0.007388778030872345, 0.007388759404420853, 0.007388743571937084, 0.007388733327388763, 0.007388696074485779, 0.00738865090534091, 0.007388640195131302, 0.007388632278889418, 0.00738862156867981, 0.007388613186776638, 0.007388614118099213, 0.007388615049421787, 0.00738860946148634, 0.007388595025986433, 0.007388591766357422, 0.007388591300696135, 0.007388591766357422, 0.007388587109744549, 0.007388595957309008, 0.007388593629002571, 0.007388583850115538, 0.007388572208583355, 0.007388563361018896, 0.007388552185148001, 0.0073885428719222546, 0.00738854194059968, 0.00738854194059968, 0.007388545665889978, 0.007388548459857702, 0.007388554513454437, 0.007388549856841564, 0.007388547528535128, 0.007388548459857702, 0.0073885442689061165, 0.0073885442689061165, 0.00738854194059968, 0.0073885428719222546, 0.007388538680970669, 0.00738854194059968, 0.007388539612293243, 0.007388535421341658, 0.007388539612293243, 0.007388537749648094, 0.007388537283986807, 0.007388531696051359, 0.00738853495568037, 0.007388540077954531, 0.007388536352664232, 0.007388535421341658, 0.0073885307647287846, 0.0073885321617126465, 0.007388537283986807, 0.007388537749648094, 0.007388537283986807, 0.007388533093035221, 0.007388531696051359, 0.0073885321617126465, 0.007388534024357796, 0.007388534024357796, 0.007388531696051359, 0.007388535421341658, 0.007388533093035221, 0.007388533093035221, 0.007388536352664232, 0.0073885321617126465, 0.0073885321617126465, 0.00738853495568037, 0.007388534024357796, 0.0073885307647287846, 0.00738852983340621, 0.0073885307647287846, 0.007388535421341658, 0.007388536352664232, 0.00738853495568037, 0.007388534024357796, 0.0073885321617126465, 0.007388531696051359, 0.0073885321617126465, 0.007388531696051359, 0.0073885321617126465, 0.007388533093035221, 0.007388534024357796, 0.007388534024357796, 0.00738853495568037, 0.007388534024357796, 0.007388533093035221, 0.007387918885797262, 0.00743201095610857, 0.007427734788507223, 0.0074238586239516735, 0.007420460693538189, 0.007417475339025259, 0.0074148839339613914, 0.007412618026137352, 0.0074106305837631226, 0.0074088661931455135, 0.007407291326671839, 0.00740587804466486, 0.007404585834592581, 0.0074034081771969795, 0.007402316201478243, 0.007401307579129934, 0.007400378584861755, 0.007399503607302904, 0.007398704066872597, 0.00739794597029686, 0.007397235371172428, 0.007396577391773462, 0.007395951077342033, 0.007395355962216854, 0.007394787855446339, 0.007394243963062763, 0.007393717300146818, 0.007393203675746918, 0.007392706349492073, 0.007392230909317732, 0.007391767576336861, 0.007391331251710653, 0.007390923798084259, 0.007390542887151241, 0.007390203885734081, 0.007389900740236044, 0.00738963158801198, 0.007389401085674763, 0.007389206439256668, 0.00738904345780611, 0.007388908416032791, 0.007388791535049677, 0.007388697005808353, 0.007388617377728224, 0.007388549856841564, 0.0073884958401322365, 0.007388442754745483, 0.007388402707874775, 0.007388362195342779, 0.007388334255665541, 0.00738830491900444, 0.007388285826891661, 0.007388265337795019, 0.007388260681182146, 0.007388249505311251, 0.007388242986053228, 0.007388235069811344, 0.007388236932456493, 0.0073882341384887695, 0.007388237398117781, 0.007388238329440355, 0.007388239726424217, 0.007388247177004814, 0.0073882462456822395, 0.007388252764940262, 0.007388255558907986, 0.00738825649023056, 0.007388258818536997, 0.0073882597498595715, 0.0073882597498595715, 0.007388255093246698, 0.00738825649023056, 0.007388252764940262, 0.007388250436633825, 0.0073882476426661015, 0.0073882415890693665, 0.00738823926076293, 0.00738823926076293, 0.007388233672827482, 0.0073882294818758965, 0.007388232741504908, 0.007388228550553322, 0.0073882280848920345, 0.007388225756585598, 0.007388221565634012, 0.007388217840343714, 0.007388219237327576, 0.0073882159776985645, 0.007388216909021139, 0.0073882159776985645, 0.00738821504637599, 0.0073882159776985645, 0.007388213649392128, 0.007388214580714703, 0.00738821504637599, 0.0073882159776985645, 0.007388213649392128, 0.007388212718069553, 0.0073882113210856915, 0.007388210389763117, 0.007388212718069553, 0.007388212252408266, 0.0073882159776985645, 0.007388214580714703, 0.007388214580714703, 0.007388212718069553, 0.007388212718069553, 0.007388212252408266, 0.007388212718069553, 0.0073882113210856915, 0.007388212252408266, 0.0073882113210856915, 0.007388210389763117, 0.007388212252408266, 0.007388212718069553, 0.007388210389763117, 0.007388212718069553, 0.007388214580714703, 0.007388212718069553, 0.007388212252408266, 0.007388212718069553, 0.007388212718069553, 0.007388214580714703, 0.007388214580714703],