{"best_train_err": 0.007101555820554495, "best_test_mse": 0.00011607131455093622, "best_test_mape": 22.84778356552124, "best_test_forecast": 0.0, "train_evolution": [0.37861359119415283, 0.2114086002111435, 0.1325673907995224, 0.1136569231748581, 0.10738108307123184, 0.09273288398981094, 0.0730033740401268, 0.05630875378847122, 0.04594576731324196, 0.04153618589043617, 0.04153565689921379, 0.04407880827784538, 0.04662134125828743, 0.04656794294714928, 0.04245316982269287, 0.03483537584543228, 0.026218201965093613, 0.01961793377995491, 0.01666617952287197, 0.01672465167939663, 0.017691699787974358, 0.01769999787211418, 0.016288692131638527, 0.01430435013025999, 0.012887119315564632, 0.012552130967378616, 0.013048128224909306, 0.013771144673228264, 0.014176753349602222, 0.01396615244448185, 0.013076619245111942, 0.011676750145852566, 0.010204671882092953, 0.009217869490385056, 0.009048910811543465, 0.009558438323438168, 0.010214092209935188, 0.010491803288459778, 0.010255759581923485, 0.009760530665516853, 0.009348330087959766, 0.00916222296655178, 0.00909875426441431, 0.008979636244475842, 0.008714895695447922, 0.00832855049520731, 0.00791178084909916, 0.007573135197162628, 0.007402990944683552, 0.007428780663758516, 0.0075734760612249374, 0.00769528653472662, 0.007696270942687988, 0.007594685535877943, 0.007489863317459822, 0.007453658618032932, 0.007470732554793358, 0.007477699313312769, 0.007434773724526167, 0.0073553030379116535, 0.007278230506926775, 0.007234328892081976, 0.007235095836222172, 0.007270310074090958, 0.007310512941330671, 0.007321370765566826, 0.007291352842003107, 0.007243613712489605, 0.007211756892502308, 0.007206455338746309, 0.007209639064967632, 0.007200627587735653, 0.007178239990025759, 0.007155916187912226, 0.007144518196582794, 0.007144396658986807, 0.007150046993046999, 0.007154300343245268, 0.007150786928832531, 0.00713840126991272, 0.007124096155166626, 0.007117126137018204, 0.0071189748123288155, 0.007122579496353865, 0.007121640257537365, 0.00711755221709609, 0.0071155112236738205, 0.007117265835404396, 0.00712019857019186, 0.007121334318071604, 0.007119764573872089, 0.007116016000509262, 0.0071116853505373, 0.007108977064490318, 0.007108923047780991, 0.007109906990081072, 0.007109550759196281, 0.007107647601515055, 0.007106074597686529, 0.00710600009188056, 0.00710658635944128, 0.007106526289135218, 0.007105586118996143, 0.007104371674358845, 0.007103475276380777, 0.007103240583091974, 0.007103648502379656, 0.007104142103344202, 0.007104123011231422, 0.007103671319782734, 0.007103366311639547, 0.007103473413735628, 0.007103633135557175, 0.007103488780558109, 0.007103132549673319, 0.007102868519723415, 0.0071028140373528, 0.007102903909981251, 0.007102987729012966, 0.007102937903255224, 0.007102735806256533, 0.007102537900209427, 0.007102489471435547, 0.007102516014128923, 0.0071024782955646515, 0.007102346513420343, 0.007102248724550009, 0.007102244067937136, 0.007102302275598049, 0.007102360017597675, 0.007102367468178272, 0.007102329283952713, 0.007102282252162695, 0.007102279923856258, 0.007102299015969038, 0.0071022892370820045, 0.007102249655872583, 0.007102220319211483, 0.007102216128259897, 0.007102226372808218, 0.007102226372808218, 0.007102213799953461, 0.007102194707840681, 0.007102182134985924, 0.007102181203663349, 0.007102185394614935, 0.007102177944034338, 0.007102160714566708, 0.0071021560579538345, 0.007102163042873144, 0.007102167699486017, 0.007102166302502155, 0.0071021621115505695, 0.007102156523615122, 0.007102154195308685, 0.007102158386260271, 0.007102158386260271, 0.0071021560579538345, 0.007102154195308685, 0.007102154195308685, 0.007102156523615122, 0.00710215512663126, 0.007102149538695812, 0.00710214814171195, 0.00710214301943779, 0.0071021439507603645, 0.007102148607373238, 0.00710214814171195, 0.007102147210389376, 0.0071021453477442265, 0.00710214301943779, 0.0071021453477442265, 0.0071021439507603645, 0.007102144882082939, 0.0071021439507603645, 0.0071021453477442265, 0.007102144882082939, 0.007102142553776503, 0.007102140691131353, 0.007102142553776503, 0.007102148607373238, 0.007102146279066801, 0.007102144882082939, 0.007102146279066801, 0.007102144882082939, 0.0071021439507603645, 0.00710214301943779, 0.007102146279066801, 0.0071021439507603645, 0.00710214301943779, 0.007102141622453928, 0.0071021439507603645, 0.007102142553776503, 0.00710214301943779, 0.00710214301943779, 0.007102142553776503, 0.0071021439507603645, 0.007102139759808779, 0.007102140691131353, 0.007102141622453928, 0.00710214301943779, 0.00710214301943779, 0.007102142553776503, 0.00710214301943779, 0.007102142553776503, 0.007102142553776503, 0.007102141622453928, 0.0071021439507603645, 0.0071021439507603645, 0.00710214301943779, 0.00710214301943779, 0.00710214301943779, 0.007102142553776503, 0.007102146279066801, 0.007102144882082939, 0.0071021439507603645, 0.0071021439507603645, 0.007102144882082939, 0.007102142553776503, 0.007102142553776503, 0.007102142553776503, 0.0071021439507603645, 0.0071021439507603645, 0.007102142553776503, 0.0071021439507603645, 0.0071021439507603645, 0.00710214301943779, 0.00710214301943779, 0.0071021439507603645, 0.007144635543227196, 0.007186029106378555, 0.007180454209446907, 0.007174934726208448, 0.00716974213719368, 0.00716480752453208, 0.007160070817917585, 0.007155494764447212, 0.0071510919369757175, 0.007146872114390135, 0.007142856251448393, 0.007138922344893217, 0.00713519100099802, 0.007131704594939947, 0.007128467783331871, 0.007125481963157654, 0.007122735492885113, 0.007120221853256226, 0.007117924280464649, 0.007115843240171671, 0.007113968022167683, 0.007112290244549513, 0.00711080152541399, 0.007109496742486954, 0.0071083540096879005, 0.007107366807758808, 0.007106512784957886, 0.0071057821623981, 0.007105151191353798, 0.007104602642357349, 0.00710413558408618, 0.007103728596121073, 0.007103378884494305, 0.007103083189576864, 0.007102832198143005, 0.007102619856595993, 0.007102434057742357, 0.0071022845804691315, 0.007102149538695812, 0.007102037314325571, 0.007101935800164938, 0.007101852912455797, 0.007101779337972403, 0.007101716939359903, 0.007101664785295725, 0.007101625204086304, 0.007101589813828468, 0.007101563736796379, 0.007101543713361025, 0.007101527415215969, 0.007101516705006361, 0.007101511117070913, 0.0071015008725225925, 0.007101501803845167, 0.007101505063474178, 0.007101507391780615, 0.0071015129797160625, 0.007101517636328936, 0.00710151856765151, 0.00710151856765151, 0.007101516705006361, 0.007101515308022499, 0.0071015143766999245, 0.007101507391780615, 0.007101501803845167, 0.0071014962159097195, 0.00710148923099041, 0.00710147712379694, 0.007101469207555056, 0.0071014598943293095, 0.0071014463901519775, 0.0071014356799423695, 0.00710142869502306, 0.007101415190845728, 0.007101406343281269, 0.007101402617990971, 0.007101395167410374, 0.0071013872511684895, 0.007101383525878191, 0.007101376075297594, 0.0071013737469911575, 0.007101371418684721, 0.0071013737469911575, 0.0071013676933944225, 0.00710136815905571, 0.0071013690903782845, 0.007101370021700859, 0.0071013690903782845, 0.007101370021700859, 0.007101370021700859, 0.007101371418684721, 0.007101371418684721, 0.007101371418684721, 0.007101370487362146, 0.007101371418684721, 0.007101371418684721, 0.00710137328132987, 0.007101371418684721, 0.007101366762071848, 0.0071013676933944225, 0.00710136815905571, 0.007101370487362146, 0.007101370021700859, 0.0071013690903782845, 0.00710136815905571, 0.0071013676933944225, 0.0071013676933944225, 0.007101370021700859, 0.007101366762071848, 0.0071013676933944225, 0.0071013676933944225, 0.007101366762071848, 0.0071013690903782845, 0.007101370021700859, 0.007101370487362146, 0.0071013690903782845, 0.007101370021700859, 0.0071013690903782845, 0.007101366762071848, 0.00710136815905571, 0.0071013690903782845, 0.0071013676933944225, 0.007101365830749273],