{"best_train_err": 0.007273320574313402, "best_test_mse": 0.0004775077977683395, "best_test_mape": 47.0465749502182, "best_test_forecast": 0.0, "train_evolution": [0.3207603394985199, 0.22803053259849548, 0.16686499118804932, 0.1259407252073288, 0.09207665175199509, 0.06708884239196777, 0.05563484504818916, 0.052792683243751526, 0.04909193143248558, 0.04152391105890274, 0.03388068452477455, 0.02980232983827591, 0.028919272124767303, 0.02860317938029766, 0.027530331164598465, 0.02639491856098175, 0.026049070060253143, 0.026193294674158096, 0.025996984913945198, 0.025039389729499817, 0.02337316796183586, 0.021236104890704155, 0.019056124612689018, 0.01741502247750759, 0.016542896628379822, 0.01600802130997181, 0.015193491242825985, 0.01400261465460062, 0.012853882275521755, 0.012026661075651646, 0.011308527551591396, 0.01041490864008665, 0.009500138461589813, 0.008992289192974567, 0.009049560874700546, 0.009417098015546799, 0.009766086004674435, 0.00995195098221302, 0.00995552446693182, 0.00977935828268528, 0.009455983527004719, 0.00904108677059412, 0.008574496023356915, 0.008120829239487648, 0.007815257646143436, 0.007753035984933376, 0.0078505864366889, 0.007933784276247025, 0.007949658669531345, 0.007972011342644691, 0.008020156063139439, 0.008015026338398457, 0.007923579774796963, 0.007816793397068977, 0.007755880709737539, 0.007718635722994804, 0.007663148455321789, 0.007589484099298716, 0.007518889382481575, 0.0074639348313212395, 0.0074287839233875275, 0.007409087847918272, 0.007395812775939703, 0.007391749415546656, 0.007404463365674019, 0.0074204993434250355, 0.007416934240609407, 0.007396940607577562, 0.007382212672382593, 0.007377409376204014, 0.007371534593403339, 0.007362887263298035, 0.007357014808803797, 0.007351389154791832, 0.007339674048125744, 0.0073215956799685955, 0.007301636040210724, 0.007286254782229662, 0.007280838675796986, 0.007283645682036877, 0.007288683205842972, 0.007294782903045416, 0.007302572019398212, 0.007307165767997503, 0.007304701022803783, 0.007299203425645828, 0.007295229472219944, 0.007291763089597225, 0.007287557236850262, 0.007284215651452541, 0.007282464765012264, 0.007281261496245861, 0.0072800288908183575, 0.007278987672179937, 0.007278714329004288, 0.007279390003532171, 0.0072800167836248875, 0.0072797262109816074, 0.007279173005372286, 0.007278849370777607, 0.007278186734765768, 0.007277271244674921, 0.007276888936758041, 0.007276924792677164, 0.007276775781065226, 0.007276338990777731, 0.007275796961039305, 0.007275270763784647, 0.007274906616657972, 0.0072747026570141315, 0.007274704985320568, 0.007274992763996124, 0.007275276351720095, 0.007275231648236513, 0.007275011856108904, 0.007274822797626257, 0.007274579256772995, 0.007274340372532606, 0.00727427750825882, 0.007274334784597158, 0.007274370174854994, 0.0072743697091937065, 0.007274359930306673, 0.007274346426129341, 0.007274322677403688, 0.007274261675775051, 0.007274210453033447, 0.00727418065071106, 0.007274110335856676, 0.007274035830050707, 0.007274014409631491, 0.007274015806615353, 0.007274016737937927, 0.007274026982486248, 0.007274038158357143, 0.007274030242115259, 0.007274012081325054, 0.0072739883325994015, 0.007273988798260689, 0.007273991126567125, 0.007273984141647816, 0.007273977156728506, 0.007273963652551174, 0.007273939438164234, 0.007273923140019178, 0.007273918017745018, 0.007273923605680466, 0.00727393664419651, 0.00727394362911582, 0.007273945026099682, 0.0072739445604383945, 0.007273938041180372, 0.007273933384567499, 0.007273929193615913, 0.007273923140019178, 0.007273917552083731, 0.007273918017745018, 0.007273917552083731, 0.0072739142924547195, 0.007273917552083731, 0.007273916620761156, 0.007273919880390167, 0.0072739203460514545, 0.007273918017745018, 0.007273914758116007, 0.0072739142924547195, 0.0072739156894385815, 0.007273911032825708, 0.007273913361132145, 0.007273916620761156, 0.007273911964148283, 0.0072739096358418465, 0.007273907773196697, 0.007273911964148283, 0.007273910101503134, 0.007273911032825708, 0.007273910101503134, 0.007273910101503134, 0.007273914758116007, 0.007273911032825708, 0.007273913361132145, 0.007273910101503134, 0.007273911032825708, 0.007273910101503134, 0.007273911032825708, 0.007273911964148283, 0.0072739096358418465, 0.007273910101503134, 0.0072739096358418465, 0.007273910101503134, 0.007273910101503134, 0.007273911964148283, 0.007273911032825708, 0.007273911032825708, 0.007273908704519272, 0.007273908704519272, 0.007273907773196697, 0.0072739096358418465, 0.007273908704519272, 0.007273907773196697, 0.007273910101503134, 0.0072739096358418465, 0.007273908704519272, 0.007273910101503134, 0.0072739096358418465, 0.007273911032825708, 0.007273911964148283, 0.00727391242980957, 0.00727391242980957, 0.007273913361132145, 0.007273911964148283, 0.007273256313055754, 0.007316493429243565, 0.007311878260225058, 0.007307298947125673, 0.007303075864911079, 0.007299214601516724, 0.007295704912394285, 0.007292550522834063, 0.007289734203368425, 0.007287247572094202, 0.007285062689334154, 0.007283172104507685, 0.007281539496034384, 0.007280082907527685, 0.007278753910213709, 0.007277692202478647, 0.0072768633253872395, 0.007276243530213833, 0.007275805808603764, 0.00727551244199276, 0.0072753471322357655, 0.007275259587913752, 0.007275230251252651, 0.0072752200067043304, 0.007275215815752745, 0.007275193929672241, 0.007275154814124107, 0.007275091949850321, 0.007275007665157318, 0.007274902891367674, 0.007274788338690996, 0.0072746602818369865, 0.007274535484611988, 0.007274408359080553, 0.007274292409420013, 0.00727418577298522, 0.0072740912437438965, 0.007274010218679905, 0.007273941300809383, 0.007273890543729067, 0.007273850031197071, 0.0072738174349069595, 0.0072737932205200195, 0.007273779716342688, 0.00727376714348793, 0.0072737568989396095, 0.007273754570633173, 0.007273741532117128, 0.007273728959262371, 0.007273717783391476, 0.007273701950907707, 0.007273687515407801, 0.00727367028594017, 0.007273656781762838, 0.007273638620972633, 0.007273627910763025, 0.007273612078279257, 0.007273598108440638, 0.007273596245795488, 0.007273588329553604, 0.0072735813446342945, 0.007273576222360134, 0.007273576222360134, 0.007273575756698847, 0.0072735813446342945, 0.0072735813446342945, 0.00727358041331172, 0.007273581810295582, 0.007273583672940731, 0.007273586001247168, 0.007273581810295582, 0.007273582741618156, 0.00727358041331172, 0.007273578085005283, 0.007273572497069836, 0.007273571100085974, 0.00727356830611825, 0.007273565977811813, 0.007273563649505377, 0.00727356132119894, 0.007273560389876366, 0.00727356132119894, 0.007273563649505377, 0.007273560389876366, 0.007273562252521515, 0.007273559924215078, 0.007273558061569929, 0.007273558992892504, 0.0072735571302473545, 0.007273554801940918, 0.0072735571302473545, 0.007273559924215078, 0.007273556664586067, 0.007273554336279631, 0.007273555733263493, 0.007273554801940918, 0.007273553404957056, 0.0072735510766506195, 0.007273553404957056, 0.007273553404957056, 0.007273554336279631, 0.007273553404957056, 0.007273554336279631, 0.007273554336279631, 0.007273553404957056, 0.007273552473634481, 0.007273552007973194],