{"best_train_err": 0.007220206316560507, "best_test_mse": 0.00017654891416896135, "best_test_mape": 25.74150562286377, "best_test_forecast": 0.0, "train_evolution": [0.7352476119995117, 0.5495075583457947, 0.41759103536605835, 0.32495638728141785, 0.25688809156417847, 0.19836270809173584, 0.14572641253471375, 0.10308612138032913, 0.07296865433454514, 0.05362570658326149, 0.041992925107479095, 0.03577520698308945, 0.033192817121744156, 0.032509952783584595, 0.032893821597099304, 0.03487871214747429, 0.03896621987223625, 0.044179823249578476, 0.04848521575331688, 0.05045759305357933, 0.05001622438430786, 0.047763559967279434, 0.044282540678977966, 0.04012248292565346, 0.035809699445962906, 0.03157224878668785, 0.027315620332956314, 0.023051803931593895, 0.019175635650753975, 0.016171064227819443, 0.01419829111546278, 0.013080965727567673, 0.012534752488136292, 0.012271849438548088, 0.01204950362443924, 0.011814173310995102, 0.01172553189098835, 0.011891813948750496, 0.01216156966984272, 0.012289795093238354, 0.01220069918781519, 0.011965474113821983, 0.011636771261692047, 0.011238200590014458, 0.010818743146955967, 0.010391250252723694, 0.009894144721329212, 0.009309837594628334, 0.008746856823563576, 0.008330216631293297, 0.008080721832811832, 0.007950651459395885, 0.007902019657194614, 0.007910466752946377, 0.007956129498779774, 0.008034215308725834, 0.008131930604577065, 0.008202370256185532, 0.00819958746433258, 0.008121419697999954, 0.00799549836665392, 0.007851713337004185, 0.0077168927527964115, 0.0076037184335291386, 0.007505068089812994, 0.007420066278427839, 0.007366647943854332, 0.00735281640663743, 0.007362435106188059, 0.0073778750374913216, 0.007391531020402908, 0.007398332003504038, 0.007398640271276236, 0.00739875715225935, 0.0073974342085421085, 0.0073859416879713535, 0.007363270968198776, 0.007336767856031656, 0.007311736233532429, 0.007290029898285866, 0.007271983195096254, 0.007256651762872934, 0.0072452290914952755, 0.00724091287702322, 0.007243360858410597, 0.007248647511005402, 0.007253454532474279, 0.007255841046571732, 0.007255588658154011, 0.007254444994032383, 0.007252863608300686, 0.007249391172081232, 0.007244345732033253, 0.007239598780870438, 0.007235771045088768, 0.00723271444439888, 0.007230228744447231, 0.0072277444414794445, 0.007225449196994305, 0.007224351167678833, 0.007224540691822767, 0.007225263398140669, 0.007226053159683943, 0.007226749323308468, 0.007227318361401558, 0.007227693684399128, 0.007227474357932806, 0.007226487156003714, 0.007225119508802891, 0.007223774679005146, 0.007222686894237995, 0.0072219460271298885, 0.007221422158181667, 0.0072211213409900665, 0.0072211832739412785, 0.007221486885100603, 0.0072217537090182304, 0.0072218989953398705, 0.007221912033855915, 0.007221823558211327, 0.007221706677228212, 0.007221502717584372, 0.00722121074795723, 0.0072209215722978115, 0.007220713421702385, 0.007220581639558077, 0.007220493163913488, 0.007220425643026829, 0.007220405153930187, 0.007220441475510597, 0.00722048943862319, 0.007220513187348843, 0.007220497354865074, 0.007220456842333078, 0.007220412138849497, 0.007220360450446606, 0.007220292463898659, 0.007220230996608734, 0.007220197003334761, 0.007220185827463865, 0.007220183964818716, 0.007220176048576832, 0.007220173254609108, 0.00722017465159297, 0.007220177911221981, 0.007220176979899406, 0.007220170460641384, 0.007220164407044649, 0.007220157887786627, 0.007220150902867317, 0.007220131810754538, 0.007220118306577206, 0.007220105733722448, 0.0072200968861579895, 0.007220097351819277, 0.007220100611448288, 0.007220101542770863, 0.007220105733722448, 0.007220112718641758, 0.007220112718641758, 0.007220105733722448, 0.007220100145787001, 0.007220100145787001, 0.007220095954835415, 0.007220088038593531, 0.007220087107270956, 0.007220083847641945, 0.007220087107270956, 0.007220083381980658, 0.007220086641609669, 0.007220091763883829, 0.007220091298222542, 0.007220088038593531, 0.007220087107270956, 0.007220085710287094, 0.007220083381980658, 0.007220083847641945, 0.007220083381980658, 0.007220083847641945, 0.007220083381980658, 0.007220083847641945, 0.007220083381980658, 0.007220079191029072, 0.0072200847789645195, 0.0072200847789645195, 0.007220082450658083, 0.007220083381980658, 0.007220080122351646, 0.007220081519335508, 0.007220083381980658, 0.007220083847641945, 0.007220083381980658, 0.00722007779404521, 0.007220083381980658, 0.007220078259706497, 0.007220080122351646, 0.007220078259706497, 0.007220082450658083, 0.007220082450658083, 0.007220082450658083, 0.007220081053674221, 0.007220081053674221, 0.007220081053674221, 0.007220083381980658, 0.007220081053674221, 0.007220082450658083, 0.007220081053674221, 0.007220081519335508, 0.007220083381980658, 0.007220081519335508, 0.007220080122351646, 0.007220081053674221, 0.007220083381980658, 0.007220083381980658, 0.007256205193698406, 0.007295679301023483, 0.0072876932099461555, 0.0072799487970769405, 0.007272704038769007, 0.0072659715078771114, 0.007259784732013941, 0.007254150230437517, 0.007249042391777039, 0.0072444430552423, 0.00724064139649272, 0.0072375014424324036, 0.007234867662191391, 0.007232673466205597, 0.0072308676317334175, 0.007229389622807503, 0.0072281877510249615, 0.0072272224351763725, 0.007226461078971624, 0.007225870620459318, 0.007225418463349342, 0.007225068751722574, 0.007224791217595339, 0.007224568631500006, 0.007224374916404486, 0.00722420634701848, 0.007224046625196934, 0.007223885040730238, 0.007223720662295818, 0.007223546039313078, 0.007223358377814293, 0.007223173975944519, 0.007222994230687618, 0.007222812157124281, 0.007222631946206093, 0.007222466636449099, 0.007222308311611414, 0.0072221639566123486, 0.007222031243145466, 0.007221905514597893, 0.007221803069114685, 0.007221702951937914, 0.007221617270261049, 0.007221538573503494, 0.007221464533358812, 0.0072213937528431416, 0.007221325300633907, 0.007221260108053684, 0.007221192121505737, 0.007221123669296503, 0.0072210486978292465, 0.007220983039587736, 0.007220911327749491, 0.007220838218927383, 0.00722077488899231, 0.007220711093395948, 0.007220648229122162, 0.007220595143735409, 0.007220543455332518, 0.007220498286187649, 0.0072204601019620895, 0.00722042890265584, 0.007220398634672165, 0.00722037348896265, 0.007220357656478882, 0.00722034415230155, 0.007220325525850058, 0.00722031993791461, 0.007220311556011438, 0.007220301777124405, 0.007220292929559946, 0.007220285013318062, 0.007220278028398752, 0.007220273371785879, 0.007220262195914984, 0.007220254745334387, 0.007220251951366663, 0.0072202435694634914, 0.00722023518756032, 0.007220228668302298, 0.0072202254086732864, 0.007220219820737839, 0.00722021609544754, 0.007220215164124966, 0.007220214232802391, 0.007220210507512093, 0.007220208644866943, 0.007220209576189518, 0.007220210507512093, 0.007220208644866943, 0.007220208644866943, 0.007220208179205656, 0.007220206316560507, 0.007220206316560507, 0.007220204919576645, 0.0072202058508992195, 0.007220208179205656, 0.007220209576189518, 0.0072202072478830814, 0.0072202058508992195, 0.0072202058508992195, 0.00722020398825407, 0.007220208644866943, 0.007220206316560507, 0.0072202058508992195, 0.007220208644866943, 0.0072202072478830814, 0.007220208179205656, 0.0072202072478830814, 0.007220208179205656, 0.007220208179205656, 0.007220208179205656, 0.007220208179205656, 0.007220209576189518, 0.007220208179205656, 0.007220208179205656, 0.0072202072478830814, 0.007220206316560507, 0.00722020398825407, 0.007220202591270208, 0.007220202591270208, 0.007220202591270208, 0.007220203056931496, 0.007220203056931496, 0.007220203056931496, 0.00722020398825407, 0.007220203056931496, 0.007220203056931496, 0.00722020398825407, 0.007220206316560507, 0.007220206316560507, 0.007220208179205656, 0.0072202072478830814, 0.007220208644866943, 0.007220209576189518, 0.007220208644866943, 0.0072202072478830814, 0.007220208179205656, 0.007220206316560507, 0.0072202058508992195, 0.0072202058508992195, 0.0072202058508992195, 