{"best_train_err": 0.007173590827733278, "best_test_mse": 0.0002351611910853535, "best_test_mape": 27.30065882205963, "best_test_forecast": 0.0, "train_evolution": [0.5269341468811035, 0.3284691870212555, 0.23468948900699615, 0.18337462842464447, 0.14684586226940155, 0.11729166656732559, 0.09068332612514496, 0.06510557234287262, 0.04394715279340744, 0.032735731452703476, 0.03328172117471695, 0.04143218323588371, 0.04985693842172623, 0.053296200931072235, 0.05125555396080017, 0.046399954706430435, 0.041395153850317, 0.03712490573525429, 0.03321108967065811, 0.029436996206641197, 0.026201019063591957, 0.02387157455086708, 0.02216307632625103, 0.020374992862343788, 0.018186964094638824, 0.015995340421795845, 0.014454361982643604, 0.013827155344188213, 0.013827899470925331, 0.01401415653526783, 0.014170761220157146, 0.01426518615335226, 0.014197657816112041, 0.013792113400995731, 0.013057845644652843, 0.012307725846767426, 0.011882592923939228, 0.011776294559240341, 0.011621668003499508, 0.011076207272708416, 0.010168632492423058, 0.009239192120730877, 0.008602561429142952, 0.008327492512762547, 0.008296851068735123, 0.00836870726197958, 0.008441029116511345, 0.008443412370979786, 0.00836171768605709, 0.008268680423498154, 0.0082606365904212, 0.008337227627635002, 0.008381533436477184, 0.008284872397780418, 0.008064040914177895, 0.007829539477825165, 0.007663987576961517, 0.007568242959678173, 0.007511062081903219, 0.00748100783675909, 0.007476574741303921, 0.007482572458684444, 0.007483671884983778, 0.007484732661396265, 0.0074954344891011715, 0.0075047858990728855, 0.007490609772503376, 0.007448380813002586, 0.007393486797809601, 0.007338995113968849, 0.007288397289812565, 0.007248758804053068, 0.007231870666146278, 0.007237391546368599, 0.007248605135828257, 0.007251655217260122, 0.007249344140291214, 0.007250573951750994, 0.007255339063704014, 0.007256635930389166, 0.007250580936670303, 0.007238456513732672, 0.007223325781524181, 0.00720977084711194, 0.00720274168998003, 0.007202240638434887, 0.007202210370451212, 0.007198038045316935, 0.007192045450210571, 0.007188898045569658, 0.007189049851149321, 0.007189711090177298, 0.007189369294792414, 0.007188370451331139, 0.007187042385339737, 0.007185674738138914, 0.0071848975494503975, 0.007184565998613834, 0.007183550391346216, 0.0071815005503594875, 0.007179473526775837, 0.007178274914622307, 0.0071776616387069225, 0.00717738876119256, 0.0071775661781430244, 0.0071779172867536545, 0.007177803665399551, 0.007177218794822693, 0.007176707033067942, 0.007176422514021397, 0.0071760741993784904, 0.007175553124397993, 0.007175023667514324, 0.007174632512032986, 0.007174499798566103, 0.007174698635935783, 0.00717499852180481, 0.007175041362643242, 0.00717483926564455, 0.007174679543823004, 0.007174643222242594, 0.007174581289291382, 0.007174402941018343, 0.007174184545874596, 0.0071740103885531425, 0.0071739316917955875, 0.0071739619597792625, 0.007174024824053049, 0.007174029480665922, 0.0071739922277629375, 0.0071739801205694675, 0.007173982448875904, 0.007173957768827677, 0.00717392610386014, 0.007173893507570028, 0.007173854857683182, 0.007173819001764059, 0.0071738101541996, 0.007173815742135048, 0.007173814810812473, 0.007173803634941578, 0.007173788733780384, 0.007173778954893351, 0.0071737808175385, 0.007173790130764246, 0.007173785474151373, 0.0071737696416676044, 0.007173745892941952, 0.007173747289925814, 0.007173743564635515, 0.00717373238876462, 0.007173724472522736, 0.007173728197813034, 0.007173730060458183, 0.007173740305006504, 0.007173741236329079, 0.007173738442361355, 0.007173733785748482, 0.007173726800829172, 0.007173723541200161, 0.007173717021942139, 0.007173712365329266, 0.007173710968345404, 0.00717371329665184, 0.007173717021942139, 0.007173717021942139, 0.007173716556280851, 0.007173715624958277, 0.007173714227974415, 0.007173712365329266, 0.007173715624958277, 0.007173712365329266, 0.007173711434006691, 0.007173710037022829, 0.007173708640038967, 0.007173710037022829, 0.007173710968345404, 0.007173708640038967, 0.0071737077087163925, 0.007173708640038967, 0.007173710037022829, 0.007173708640038967, 0.007173706777393818, 0.007173708640038967, 0.0071737077087163925, 0.0071737091057002544, 0.0071737091057002544, 0.007173708640038967, 0.0071737091057002544, 0.0071737091057002544, 0.0071737091057002544, 0.007173708640038967, 0.007173706777393818, 0.007173705846071243, 0.007173706777393818, 0.007173705380409956, 0.007173706777393818, 0.0071737091057002544, 0.007173710037022829, 0.007173710968345404, 0.007173710037022829, 0.0071737091057002544, 0.007173708640038967, 0.0071737077087163925, 0.0071737077087163925, 0.0071737091057002544, 0.0071737091057002544, 0.0071737091057002544, 0.007173708640038967, 0.0071737091057002544, 0.0071737091057002544, 0.007173710037022829, 0.0071737091057002544, 0.007173708640038967, 0.007173708640038967, 0.007173710037022829, 0.007173708640038967, 0.007173708640038967, 0.0071737091057002544, 0.007173708640038967, 0.007150805089622736, 0.007195328362286091, 0.007192762102931738, 0.007190164178609848, 0.007187829352915287, 0.007185746915638447, 0.007183896843343973, 0.0071822842583060265, 0.007180887274444103, 0.007179688662290573, 0.007178678642958403, 0.007177840452641249, 0.007177148014307022, 0.007176582235842943, 0.007176120299845934, 0.007175741251558065, 0.007175421807914972, 0.00717515405267477, 0.0071749258786439896, 0.007174726575613022, 0.007174549158662558, 0.0071743871085345745, 0.007174237631261349, 0.007174097932875156, 0.007173969876021147, 0.007173844147473574, 0.0071737258695065975, 0.007173614576458931, 0.00717350747436285, 0.00717340549454093, 0.007173313293606043, 0.007173224352300167, 0.007173147518187761, 0.007173079065978527, 0.00717302318662405, 0.007172973360866308, 0.007172940764576197, 0.007172912359237671, 0.0071728904731571674, 0.007172876503318548, 0.007172867655754089, 0.007172856479883194, 0.007172850891947746, 0.007172842975705862, 0.007172839250415564, 0.007172827143222094, 0.007172815967351198, 0.007172808051109314, 0.00717280013486743, 0.00717279314994812, 0.007172784302383661, 0.007172781974077225, 0.007172776386141777, 0.007172772195190191, 0.007172769866883755, 0.007172771263867617, 0.007172771263867617, 0.007172772195190191, 0.007172771263867617, 0.007172769866883755, 0.00717276893556118, 0.007172765675932169, 0.007172765210270882, 0.007172759622335434, 0.007172754965722561, 0.007172752171754837, 0.0071727498434484005, 0.007172748446464539, 0.007172742858529091, 0.007172741927206516, 0.007172740530222654, 0.007172740530222654, 0.007172735873609781, 0.007172734942287207, 0.007172737270593643, 0.007172734942287207, 0.007172737270593643, 0.007172736339271069, 0.007172738667577505, 0.007172738667577505, 0.007172738201916218, 0.007172738201916218, 0.007172738201916218, 0.007172735873609781, 0.007172734942287207, 0.007172735873609781, 0.00717273261398077, 0.007172734010964632, 0.007172735873609781, 0.0071727316826581955, 0.0071727316826581955, 0.007172733545303345, 0.007172729354351759, 0.007172733545303345, 0.00717273261398077, 0.00717273261398077, 0.0071727316826581955, 0.007172733545303345, 0.0071727316826581955, 0.007172730285674334, 0.007172730751335621, 0.0071727316826581955, 0.0071727316826581955, 0.00717273261398077, 0.0071727316826581955, 0.007172733545303345, 0.00717273261398077, 0.007172729354351759, 0.007172728423029184, 0.007172727026045322, 0.007172726094722748, 0.007172727026045322, 0.007172728423029184, 0.007172730751335621, 0.007172730751335621, 0.007172728423029184, 0.007172728423029184, 0.007172727026045322, 0.007172727957367897, 0.007172727957367897, 0.007172727957367897, 0.007172729354351759, 0.007172730285674334, 0.007172729354351759, 0.007172727026045322, 0.007172727026045322, 0.007172727026045322, 0.007172726094722748, 0.007172727026045322, 0.007172726094722748, 0.007172727026045322, 0.007172727026045322, 0.007172727026045322, 0.007172727026045322, 0.007172727026045322],