{"best_train_err": 0.007428227458149195, "best_test_mse": 0.00021741613454651088, "best_test_mape": 24.300450086593628, "best_test_forecast": 0.0, "train_evolution": [0.5124624967575073, 0.34184858202934265, 0.23965463042259216, 0.17685985565185547, 0.13160105049610138, 0.09891851991415024, 0.07812987267971039, 0.06717415153980255, 0.06188329681754112, 0.05811953917145729, 0.05353938043117523, 0.047968678176403046, 0.042338524013757706, 0.03744365647435188, 0.033616743981838226, 0.03107844665646553, 0.030031658709049225, 0.03029826283454895, 0.031129349023103714, 0.03160547465085983, 0.031196003779768944, 0.029892731457948685, 0.027974266558885574, 0.0257680993527174, 0.023533180356025696, 0.021380312740802765, 0.01928340457379818, 0.017263205721974373, 0.01555525790899992, 0.014482281170785427, 0.014109411276876926, 0.014094055630266666, 0.013946733437478542, 0.013418354094028473, 0.012606030330061913, 0.011756787076592445, 0.011044777929782867, 0.01049437653273344, 0.010032717138528824, 0.009605607017874718, 0.00926763005554676, 0.009140950627624989, 0.009261151775717735, 0.009496087208390236, 0.009654846042394638, 0.009650365449488163, 0.009521656669676304, 0.009334620088338852, 0.009114264510571957, 0.00885804370045662, 0.008569316007196903, 0.008274100720882416, 0.008020469918847084, 0.007852251641452312, 0.007774714846163988, 0.00775775033980608, 0.007771282456815243, 0.007799386978149414, 0.00782712921500206, 0.00784002523869276, 0.007835891097784042, 0.007819133810698986, 0.007788210175931454, 0.007741727866232395, 0.0076890201307833195, 0.007643744349479675, 0.007612133864313364, 0.007590931374579668, 0.007571729365736246, 0.007548925466835499, 0.0075269476510584354, 0.0075144474394619465, 0.007510863244533539, 0.007507345639169216, 0.007500252686440945, 0.007494335528463125, 0.007493254728615284, 0.007494103163480759, 0.007491082418709993, 0.007481674663722515, 0.007469431031495333, 0.007460139691829681, 0.007455327082425356, 0.007452506572008133, 0.007450667209923267, 0.007450942415744066, 0.007453025318682194, 0.007454647216945887, 0.007453803438693285, 0.00745015311986208, 0.00744503503665328, 0.007440315093845129, 0.0074368929490447044, 0.0074348365887999535, 0.0074341753497719765, 0.007434629835188389, 0.0074354903772473335, 0.007436264306306839, 0.007436615880578756, 0.007436123676598072, 0.007434850092977285, 0.007433420978486538, 0.007432407699525356, 0.007431874517351389, 0.00743155088275671, 0.007431170903146267, 0.007430858910083771, 0.0074307238683104515, 0.007430538535118103, 0.007430103607475758, 0.007429644465446472, 0.007429417222738266, 0.007429408375173807, 0.007429401855915785, 0.0074292742647230625, 0.007429106626659632, 0.007428999990224838, 0.00742888730019331, 0.007428694050759077, 0.007428523153066635, 0.007428458891808987, 0.00742846354842186, 0.007428476121276617, 0.007428435608744621, 0.007428359240293503, 0.0074282544665038586, 0.007428138516843319, 0.007428028155118227, 0.007427955511957407, 0.00742793595418334, 0.007427957374602556, 0.0074280137196183205, 0.0074280500411987305, 0.007428047712892294, 0.007428023964166641, 0.007427981123328209, 0.0074279396794736385, 0.007427884731441736, 0.007427858654409647, 0.007427848409861326, 0.007427852135151625, 0.0074278609827160835, 0.0074278549291193485, 0.007427848409861326, 0.00742784608155489, 0.007427841890603304, 0.007427835837006569, 0.007427835837006569, 0.007427837233990431, 0.007427832577377558, 0.0074278246611356735, 0.007427816744893789, 0.007427806034684181, 0.007427805569022894, 0.007427802309393883, 0.007427806966006756, 0.007427806966006756, 0.007427806966006756, 0.007427806966006756, 0.007427802309393883, 0.007427796721458435, 0.007427799981087446, 0.007427795324474573, 0.0074277943931519985, 0.007427796721458435, 0.0074277943931519985, 0.007427791133522987, 0.007427793461829424, 0.0074277897365391254, 0.007427790202200413, 0.007427792530506849, 0.007427788805216551, 0.007427787873893976, 0.007427786476910114, 0.007427786942571402, 0.0074277897365391254, 0.007427784148603678, 0.007427790202200413, 0.007427792530506849, 0.00742778554558754, 0.007427787873893976, 0.007427786942571402, 0.007427784614264965, 0.0074277822859585285, 0.007427784148603678, 0.007427788805216551, 0.00742778554558754, 0.007427791133522987, 0.007427790202200413, 0.007427788805216551, 0.007427787873893976, 0.0074277897365391254, 0.0074277897365391254, 0.007427788805216551, 0.007427788805216551, 0.007427787873893976, 0.0074277897365391254, 0.007427786942571402, 0.007427787873893976, 0.007427788805216551, 0.007427787873893976, 0.0074277897365391254, 0.007427788805216551, 0.007427786942571402, 0.007427786476910114, 0.007427787873893976, 0.0074277897365391254, 0.007427786942571402, 0.007427786942571402, 0.007427786476910114, 0.007427786942571402, 0.007427786476910114, 0.00742778554558754, 0.007427784614264965, 0.007427788805216551, 0.007427786942571402, 0.007427786942571402, 0.007427788805216551, 0.007425064221024513, 0.007468830794095993, 0.007463948801159859, 0.007459290325641632, 0.007455122657120228, 0.007451381999999285, 0.007448017131537199, 0.007445585913956165, 0.007443490903824568, 0.007441710215061903, 0.007440216839313507, 0.007438985630869865, 0.007437981199473143, 0.007437167223542929, 0.007436499930918217, 0.007435940206050873, 0.007435435429215431, 0.0074349669739604, 0.007434520870447159, 0.007434071972966194, 0.0074336230754852295, 0.007433183491230011, 0.007432739250361919, 0.007432305254042149, 0.007431894540786743, 0.007431508973240852, 0.00743115833029151, 0.00743084866553545, 0.007430586032569408, 0.007430355530232191, 0.007430160418152809, 0.007430000696331263, 0.007429845631122589, 0.007429711055010557, 0.0074295601807534695, 0.007429418619722128, 0.007429260760545731, 0.007429106626659632, 0.007428945042192936, 0.007428791839629412, 0.007428639102727175, 0.0074285040609538555, 0.007428378332406282, 0.007428271230310202, 0.007428182754665613, 0.007428108248859644, 0.007428046315908432, 0.007427993696182966, 0.00742795504629612, 0.007427919656038284, 0.007427888922393322, 0.007427865173667669, 0.007427841424942017, 0.007427823729813099, 0.0074278004467487335, 0.007427788805216551, 0.007427775301039219, 0.0074277641251683235, 0.007427758537232876, 0.007427748292684555, 0.007427751552313566, 0.007427752949297428, 0.007427752949297428, 0.007427755277603865, 0.007427757140249014, 0.007427765056490898, 0.0074277655221521854, 0.007427768316119909, 0.007427761796861887, 0.0074277641251683235, 0.007427760865539312, 0.0074277594685554504, 0.0074277594685554504, 0.007427758537232876, 0.007427756208926439, 0.007427755277603865, 0.007427761796861887, 0.007427757605910301, 0.007427757605910301, 0.007427754811942577, 0.007427755277603865, 0.007427752949297428, 0.007427751552313566, 0.0074277520179748535, 0.0074277459643781185, 0.00742774922400713, 0.00742774922400713, 0.0074277473613619804, 0.007427748292684555, 0.0074277473613619804, 0.0074277473613619804, 0.007427749689668417, 0.00742774922400713, 0.007427748292684555, 0.0074277473613619804, 0.007427744101732969, 0.007427744101732969, 0.007427741773426533, 0.007427742704749107, 0.007427743636071682, 0.007427741773426533, 0.007427743636071682, 0.007427743636071682, 0.007427743636071682, 0.007427742704749107],