{"best_train_err": 0.007250990252941847, "best_test_mse": 0.0006653661257587373, "best_test_mape": 41.825130581855774, "best_test_forecast": 0.0, "train_evolution": [0.66560959815979, 0.4738617539405823, 0.33537930250167847, 0.26094651222229004, 0.23058713972568512, 0.2133370041847229, 0.19177237153053284, 0.16324223577976227, 0.13091327250003815, 0.09839525073766708, 0.07013483345508575, 0.050754450261592865, 0.04181169718503952, 0.04025302827358246, 0.04107805714011192, 0.04098767414689064, 0.03898973762989044, 0.03517027571797371, 0.030087469145655632, 0.025064976885914803, 0.021880555897951126, 0.02153019979596138, 0.023422155529260635, 0.025971628725528717, 0.027836091816425323, 0.028415193781256676, 0.027582839131355286, 0.02551339752972126, 0.02284741960465908, 0.020557323470711708, 0.01928572915494442, 0.018886273726820946, 0.018722202628850937, 0.01825963892042637, 0.017259543761610985, 0.01566063053905964, 0.01360541582107544, 0.011540037579834461, 0.010006303898990154, 0.009244862012565136, 0.009096723981201649, 0.009261119179427624, 0.009499622508883476, 0.009629822336137295, 0.00954313576221466, 0.009308760054409504, 0.009131968952715397, 0.00914214737713337, 0.009291515685617924, 0.009461055509746075, 0.009559357538819313, 0.00951453484594822, 0.009291118942201138, 0.008952849544584751, 0.008629737421870232, 0.00840030051767826, 0.00825485773384571, 0.00815543346107006, 0.008066907525062561, 0.00795066263526678, 0.007795055862516165, 0.007643160410225391, 0.007549297995865345, 0.007525025401264429, 0.007548621855676174, 0.007593137677758932, 0.007627124898135662, 0.007624906022101641, 0.007592624984681606, 0.00755987036973238, 0.007544799707829952, 0.007546113338321447, 0.0075557115487754345, 0.007559626363217831, 0.007541918195784092, 0.007501826621592045, 0.007454931735992432, 0.007414998486638069, 0.007386885583400726, 0.007370983716100454, 0.007361969444900751, 0.007350700907409191, 0.007334695663303137, 0.007319458294659853, 0.007309625390917063, 0.007306351792067289, 0.007309007924050093, 0.0073135411366820335, 0.007314478512853384, 0.007310859393328428, 0.007305581122636795, 0.00730090169236064, 0.007298009004443884, 0.007296951953321695, 0.007295460905879736, 0.007291341200470924, 0.007285204250365496, 0.007278901990503073, 0.007273810915648937, 0.007270896807312965, 0.0072698104195296764, 0.007268847897648811, 0.007267076522111893, 0.007264876738190651, 0.00726290000602603, 0.007261789869517088, 0.00726186390966177, 0.007262418512254953, 0.0072625200264155865, 0.007261939346790314, 0.007260861340910196, 0.0072596450336277485, 0.007258751429617405, 0.007258189842104912, 0.007257578428834677, 0.00725675979629159, 0.0072558228857815266, 0.0072549376636743546, 0.007254365365952253, 0.0072541856206953526, 0.007254155818372965, 0.007254086434841156, 0.007253920193761587, 0.007253687363117933, 0.007253511808812618, 0.007253481075167656, 0.007253490388393402, 0.0072534349747002125, 0.007253275252878666, 0.0072530279867351055, 0.007252792827785015, 0.007252652198076248, 0.007252577226608992, 0.007252516224980354, 0.007252434268593788, 0.007252310868352652, 0.007252198178321123, 0.007252137642353773, 0.007252124138176441, 0.007252125069499016, 0.007252127397805452, 0.007252105977386236, 0.007252081297338009, 0.007252069655805826, 0.007252075243741274, 0.00725207757204771, 0.007252067793160677, 0.007252037059515715, 0.007251998875290155, 0.007251975126564503, 0.007251961622387171, 0.007251949515193701, 0.007251939736306667, 0.00725192716345191, 0.007251919247210026, 0.007251914590597153, 0.007251918315887451, 0.0072519234381616116, 0.007251928094774485, 0.0072519234381616116, 0.007251923903822899, 0.007251918315887451, 0.007251915521919727, 0.007251915987581015, 0.007251916918903589, 0.0072519113309681416, 0.007251904346048832, 0.007251905743032694, 0.007251903414726257, 0.007251903414726257, 0.007251907140016556, 0.007251903414726257, 0.007251902483403683, 0.007251900155097246, 0.0072519066743552685, 0.007251902483403683, 0.007251903414726257, 0.0072519066743552685, 0.007251903414726257, 0.007251901086419821, 0.007251903414726257, 0.007251904346048832, 0.007251904346048832, 0.007251898758113384, 0.007251902017742395, 0.007251901086419821, 0.007251901086419821, 0.0072518992237746716, 0.0072518992237746716, 0.007251900155097246, 0.007251901086419821, 0.007251900155097246, 0.0072518992237746716, 0.007251901086419821, 0.007251905743032694, 0.007251902483403683, 0.007251902017742395, 0.007251901086419821, 0.007251898758113384, 0.0072518992237746716, 0.007251898758113384, 0.007251902017742395, 0.007251901086419821, 0.007251902017742395, 0.007251901086419821, 0.007251902483403683, 0.00725189782679081, 0.007251898758113384, 0.0072518992237746716, 0.0072518992237746716, 0.007251900155097246, 0.007251898758113384, 0.007251900155097246, 0.007251901086419821, 0.007251902017742395, 0.007251902017742395, 0.0072518992237746716, 0.007251900155097246, 0.0072518992237746716, 0.0072518992237746716, 0.0072518992237746716, 0.007251898758113384, 0.00725189782679081, 0.00725189782679081, 0.007251896895468235, 0.007251896895468235, 0.007251896895468235, 0.0072518992237746716, 0.007251898758113384, 0.0072518992237746716, 0.007251901086419821, 0.007251902017742395, 0.007251901086419821, 0.007251902017742395, 0.007251900155097246, 0.007251902017742395, 0.007251902017742395, 0.007251902017742395, 0.007251902017742395, 0.007251902017742395, 0.007251902017742395, 0.007251901086419821, 0.007251901086419821, 0.007251900155097246, 0.007240254897624254, 0.007283237297087908, 0.00727870874106884, 0.0072744362987577915, 0.007270654197782278, 0.007267247885465622, 0.007264416199177504, 0.007262120489031076, 0.007260328158736229, 0.007258962839841843, 0.0072579518891870975, 0.007257165387272835, 0.007256493903696537, 0.007255863398313522, 0.007255236618220806, 0.007254602387547493, 0.007253978401422501, 0.007253376767039299, 0.0072528221644461155, 0.007252332754433155, 0.007251923903822899, 0.0072516100481152534, 0.007251389790326357, 0.0072512514889240265, 0.0072511835023760796, 0.007251178380101919, 0.007251203991472721, 0.007251252420246601, 0.007251300849020481, 0.007251345552504063, 0.007251376286149025, 0.007251398172229528, 0.0072514028288424015, 0.007251404225826263, 0.007251397240906954, 0.007251386996358633, 0.00725137023255229, 0.007251346949487925, 0.007251323200762272, 0.007251299452036619, 0.007251264993101358, 0.007251226343214512, 0.007251189090311527, 0.00725115230306983, 0.00725111598148942, 0.007251081056892872, 0.007251054048538208, 0.007251029368489981, 0.007251012604683638, 0.007250998169183731, 0.007250989321619272, 0.007250981405377388, 0.007250978145748377, 0.007250971160829067, 0.007250964641571045, 0.007250963244587183, 0.007250956259667873, 0.007250945549458265, 0.007250944152474403, 0.007250948343425989, 0.00725094648078084, 0.007250950671732426, 0.007250952068716288, 0.007250951137393713, 0.007250952068716288, 0.0072509534657001495, 0.007250956259667873, 0.0072509534657001495, 0.007250952068716288, 0.007250949740409851, 0.00725094648078084, 0.007250944152474403, 0.0072509427554905415, 0.00725093949586153, 0.00725093949586153, 0.007250936236232519, 0.007250937167555094, 0.007250938564538956, 0.007250936236232519, 0.007250933907926083, 0.007250934839248657, 0.007250932976603508, 0.007250931579619646, 0.0072509306482970715, 0.007250931579619646, 0.007250931579619646, 0.007250932045280933, 0.007250933907926083, 0.007250932976603508, 0.007250932976603508, 0.007250932045280933, 0.007250932976603508, 0.007250931579619646, 0.007250929716974497, 0.007250929716974497, 0.0072509306482970715, 0.0072509306482970715, 0.007250931579619646, 0.0072509292513132095, 0.007250931579619646, 0.0072509306482970715, 0.0072509306482970715, 0.0072509306482970715, 0.0072509292513132095, 0.007250929716974497, 0.0072509306482970715, 0.0072509306482970715, 0.0072509306482970715, 0.007250932045280933, 0.007250932045280933, 0.007250934839248657, 0.007250932045280933, 