{"best_train_err": 17.775915145874023, "best_test_mse": 0.0006361720152199268, "best_test_mape": 27.83620059490204, "best_test_forecast": 0.0, "train_evolution": [18.08904457092285, 25.290027618408203, 19.547014236450195, 20.362333297729492, 20.94667625427246, 19.978965759277344, 19.035400390625, 18.923898696899414, 19.33747673034668, 19.39153480529785, 18.892290115356445, 18.4340763092041, 18.281726837158203, 18.3129825592041, 18.458740234375, 18.610198974609375, 18.51456642150879, 18.135835647583008, 17.862491607666016, 17.976844787597656, 18.229894638061523, 18.238340377807617, 18.00829315185547, 17.819499969482422, 17.83131980895996, 17.967479705810547, 18.044057846069336, 17.9541015625, 17.78765869140625, 17.730388641357422, 17.812271118164062, 17.883394241333008, 17.856618881225586, 17.797616958618164, 17.768421173095703, 17.759443283081055, 17.762365341186523, 17.773651123046875, 17.76769256591797, 17.74319839477539, 17.7338809967041, 17.746070861816406, 17.75206756591797, 17.737808227539062, 17.714275360107422, 17.70482635498047, 17.7222843170166, 17.74044418334961, 17.727102279663086, 17.701566696166992, 17.700220108032227, 17.714401245117188, 17.717140197753906, 17.708358764648438, 17.70156478881836, 17.702373504638672, 17.706676483154297, 17.705961227416992, 17.700458526611328, 17.698156356811523, 17.699649810791016, 17.70108985900879, 17.701366424560547, 17.69870376586914, 17.695270538330078, 17.696514129638672, 17.699270248413086, 17.697824478149414, 17.69516372680664, 17.695350646972656, 17.69681167602539, 17.696533203125, 17.694608688354492, 17.69422149658203, 17.69573974609375, 17.695798873901367, 17.694400787353516, 17.693965911865234, 17.694358825683594, 17.694726943969727, 17.694664001464844, 17.69402503967285, 17.6937255859375, 17.694047927856445, 17.694223403930664, 17.693965911865234, 17.69363021850586, 17.69375991821289, 17.694002151489258, 17.69368553161621, 17.693450927734375, 17.693700790405273, 17.69378089904785, 17.69357681274414, 17.693452835083008, 17.693532943725586, 17.693607330322266, 17.69350814819336, 17.69344139099121, 17.6934757232666], "validation_evolution": [0.1369415670633316, 0.1369415670633316, 0.1369415670633316, 15.804182052612305, 15.804182052612305, 15.804182052612305, 0.0346650667488575, 0.0346650667488575, 0.0346650667488575, 0.06871581077575684, 0.06871581077575684, 0.06871581077575684, 0.05942618474364281, 0.05942618474364281, 0.05942618474364281, 0.05486084520816803, 0.05486084520816803, 0.05486084520816803, 0.0256482120603323, 0.0256482120603323, 0.0256482120603323, 0.031935762614011765, 0.031935762614011765, 0.031935762614011765, 0.023434443399310112, 0.023434443399310112, 0.023434443399310112, 0.014099166728556156, 0.014099166728556156, 0.014099166728556156, 0.019490575417876244, 0.019490575417876244, 0.019490575417876244, 0.014187364839017391, 0.014187364839017391, 0.014187364839017391, 0.016159554943442345, 0.016159554943442345, 0.016159554943442345, 0.01183551549911499, 0.01183551549911499, 0.01183551549911499, 0.012939856387674809, 0.012939856387674809, 0.012939856387674809, 0.011520135216414928, 0.011520135216414928, 0.011520135216414928, 0.01035249698907137, 0.01035249698907137, 0.01035249698907137, 0.011331452988088131, 0.011331452988088131, 0.011331452988088131, 0.010751352645456791, 0.010751352645456791, 0.010751352645456791, 0.010315261781215668, 0.010315261781215668, 0.010315261781215668, 0.010773257352411747, 0.010773257352411747, 0.010773257352411747, 0.010143660940229893, 0.010143660940229893, 0.010143660940229893, 0.010035261511802673, 0.010035261511802673, 0.010035261511802673, 0.010553291067481041, 0.010553291067481041, 0.010553291067481041, 0.010139364749193192, 0.010139364749193192, 0.010139364749193192, 0.010053079575300217, 0.010053079575300217, 0.010053079575300217, 0.010204300284385681, 0.010204300284385681, 0.010204300284385681, 0.010045956820249557, 0.010045956820249557, 0.010045956820249557, 0.010199827142059803, 0.010199827142059803, 0.010199827142059803, 0.0101960189640522, 0.0101960189640522, 0.0101960189640522, 0.010075126774609089, 0.010075126774609089, 0.010075126774609089, 0.010059665888547897, 0.010059665888547897, 0.010059665888547897, 0.010162240825593472, 0.010162240825593472, 0.010162240825593472, 0.01009809598326683], "phases": [100, 100, 100, 100, 100, 100, 100, 100, 100, 100, 66], "phases_names": ["threshold 0 ", "threshold 1 ", "threshold 2 ", "threshold 3 ", "threshold 4 ", "threshold 5 ", "threshold 6 ", "threshold 7 ", "threshold 8 ", "threshold 9 ", "best epoch"]}