{"best_train_err": 18.297273635864258, "best_test_mse": 0.0002745915553532541, "best_test_mape": 29.436126351356506, "best_test_forecast": 0.0, "train_evolution": [18.633289337158203, 25.811853408813477, 20.032806396484375, 20.867225646972656, 21.450157165527344, 20.483346939086914, 19.597679138183594, 19.484817504882812, 19.85978126525879, 19.902395248413086, 19.38888931274414, 18.91682243347168, 18.8099422454834, 18.903684616088867, 19.031742095947266, 19.114572525024414, 19.00580596923828, 18.667617797851562, 18.407115936279297, 18.500886917114258, 18.752199172973633, 18.777332305908203, 18.5498046875, 18.353317260742188, 18.362558364868164, 18.49329948425293, 18.564424514770508, 18.4840087890625, 18.329524993896484, 18.26756477355957, 18.343517303466797, 18.420894622802734, 18.392864227294922, 18.320816040039062, 18.29306411743164, 18.29976463317871, 18.304706573486328, 18.305042266845703, 18.2963809967041, 18.27652931213379, 18.26874542236328, 18.28049087524414, 18.284757614135742, 18.268281936645508, 18.247859954833984, 18.24225425720215, 18.25604248046875, 18.2709903717041, 18.261096954345703, 18.236724853515625, 18.232898712158203, 18.248088836669922, 18.252099990844727, 18.241376876831055, 18.234378814697266, 18.23678970336914, 18.241029739379883, 18.239694595336914, 18.233617782592773, 18.231231689453125, 18.234241485595703, 18.235790252685547, 18.234222412109375, 18.23198890686035, 18.229961395263672, 18.230453491210938, 18.232656478881836, 18.231765747070312, 18.229137420654297, 18.229257583618164, 18.230636596679688, 18.230178833007812, 18.22852325439453, 18.228160858154297, 18.229537963867188, 18.229816436767578, 18.228178024291992, 18.22756576538086, 18.228443145751953, 18.22877311706543, 18.228349685668945, 18.22783851623535, 18.2276668548584, 18.22796058654785, 18.228055953979492, 18.2277774810791, 18.22759437561035, 18.227642059326172, 18.22775650024414, 18.227588653564453, 18.22736358642578, 18.227561950683594, 18.227685928344727, 18.227413177490234, 18.227291107177734, 18.227436065673828, 18.22750473022461, 18.227384567260742, 18.22728729248047, 18.227357864379883], "validation_evolution": [0.1343437284231186, 0.1343437284231186, 0.1343437284231186, 6.716306209564209, 6.716306209564209, 6.716306209564209, 0.035327427089214325, 0.035327427089214325, 0.035327427089214325, 0.05463414639234543, 0.05463414639234543, 0.05463414639234543, 0.05258026346564293, 0.05258026346564293, 0.05258026346564293, 0.05099991708993912, 0.05099991708993912, 0.05099991708993912, 0.02441636100411415, 0.02441636100411415, 0.02441636100411415, 0.03416585922241211, 0.03416585922241211, 0.03416585922241211, 0.024777444079518318, 0.024777444079518318, 0.024777444079518318, 0.015595084987580776, 0.015595084987580776, 0.015595084987580776, 0.02024254947900772, 0.02024254947900772, 0.02024254947900772, 0.014941813424229622, 0.014941813424229622, 0.014941813424229622, 0.01728028431534767, 0.01728028431534767, 0.01728028431534767, 0.013529540970921516, 0.013529540970921516, 0.013529540970921516, 0.014884106814861298, 0.014884106814861298, 0.014884106814861298, 0.01300905179232359, 0.01300905179232359, 0.01300905179232359, 0.01247247401624918, 0.01247247401624918, 0.01247247401624918, 0.013104071840643883, 0.013104071840643883, 0.013104071840643883, 0.012530097737908363, 0.012530097737908363, 0.012530097737908363, 0.012177515774965286, 0.012177515774965286, 0.012177515774965286, 0.012680069543421268, 0.012680069543421268, 0.012680069543421268, 0.012105956673622131, 0.012105956673622131, 0.012105956673622131, 0.01201812457293272, 0.01201812457293272, 0.01201812457293272, 0.012298470363020897, 0.012298470363020897, 0.012298470363020897, 0.012046564370393753, 0.012046564370393753, 0.012046564370393753, 0.011964045464992523, 0.011964045464992523, 0.011964045464992523, 0.012114652432501316, 0.012114652432501316, 0.012114652432501316, 0.01197709608823061, 0.01197709608823061, 0.01197709608823061, 0.012081355787813663, 0.012081355787813663, 0.012081355787813663, 0.01207802165299654, 0.01207802165299654, 0.01207802165299654, 0.01196714024990797, 0.01196714024990797, 0.01196714024990797, 0.011997569352388382, 0.011997569352388382, 0.011997569352388382, 0.012049194425344467, 0.012049194425344467, 0.012049194425344467, 0.012000953778624535], "phases": [100, 100, 100, 100, 100, 100, 100, 100, 100, 100, 75], "phases_names": ["threshold 0 ", "threshold 1 ", "threshold 2 ", "threshold 3 ", "threshold 4 ", "threshold 5 ", "threshold 6 ", "threshold 7 ", "threshold 8 ", "threshold 9 ", "best epoch"]}