{"best_train_err": 18.122339248657227, "best_test_mse": 0.00022726597671862692, "best_test_mape": 56.01970553398132, "best_test_forecast": 0.0, "train_evolution": [18.50015640258789, 25.70551109313965, 19.83978271484375, 20.72127342224121, 21.35630226135254, 20.349315643310547, 19.40989875793457, 19.32964324951172, 19.753477096557617, 19.782333374023438, 19.218177795410156, 18.737323760986328, 18.67490005493164, 18.795711517333984, 18.897306442260742, 18.942279815673828, 18.838964462280273, 18.536426544189453, 18.288021087646484, 18.356334686279297, 18.584135055541992, 18.62141990661621, 18.420825958251953, 18.226503372192383, 18.212879180908203, 18.33057975769043, 18.415109634399414, 18.350635528564453, 18.191181182861328, 18.11492919921875, 18.191221237182617, 18.280784606933594, 18.255027770996094, 18.171974182128906, 18.138980865478516, 18.154897689819336, 18.168054580688477, 18.16267967224121, 18.1446475982666, 18.1268367767334, 18.12743377685547, 18.139415740966797, 18.137134552001953, 18.119953155517578, 18.10517692565918, 18.10053062438965, 18.108972549438477, 18.1220760345459, 18.11667251586914, 18.094825744628906, 18.087921142578125, 18.100831985473633, 18.106904983520508, 18.09760093688965, 18.08869171142578, 18.09031105041504, 18.096759796142578, 18.09617805480957, 18.087900161743164, 18.084609985351562, 18.08934211730957, 18.091588973999023, 18.088773727416992, 18.086318969726562, 18.085403442382812, 18.085735321044922, 18.08673858642578, 18.086071014404297, 18.084590911865234, 18.08457374572754, 18.08513641357422, 18.084854125976562, 18.083627700805664, 18.082918167114258, 18.0841121673584, 18.084877014160156, 18.083328247070312, 18.082233428955078, 18.083070755004883, 18.083755493164062, 18.083274841308594, 18.082565307617188, 18.082578659057617, 18.082962036132812, 18.08279800415039, 18.082490921020508, 18.082555770874023, 18.082590103149414, 18.08253288269043, 18.082426071166992, 18.08228302001953, 18.08238410949707, 18.082490921020508, 18.08233070373535, 18.082176208496094, 18.08224105834961, 18.082365036010742, 18.082275390625, 18.082122802734375, 18.082204818725586], "validation_evolution": [0.1389467865228653, 0.1389467865228653, 0.1389467865228653, 6.67073392868042, 6.67073392868042, 6.67073392868042, 0.033175431191921234, 0.033175431191921234, 0.033175431191921234, 0.05255316570401192, 0.05255316570401192, 0.05255316570401192, 0.06766188144683838, 0.06766188144683838, 0.06766188144683838, 0.052026525139808655, 0.052026525139808655, 0.052026525139808655, 0.023074166849255562, 0.023074166849255562, 0.023074166849255562, 0.034552715718746185, 0.034552715718746185, 0.034552715718746185, 0.023146741092205048, 0.023146741092205048, 0.023146741092205048, 0.014725779183208942, 0.014725779183208942, 0.014725779183208942, 0.019649457186460495, 0.019649457186460495, 0.019649457186460495, 0.013495514169335365, 0.013495514169335365, 0.013495514169335365, 0.015289654955267906, 0.015289654955267906, 0.015289654955267906, 0.012612474150955677, 0.012612474150955677, 0.012612474150955677, 0.013112998567521572, 0.013112998567521572, 0.013112998567521572, 0.01115026231855154, 0.01115026231855154, 0.01115026231855154, 0.01141064427793026, 0.01141064427793026, 0.01141064427793026, 0.011771116405725479, 0.011771116405725479, 0.011771116405725479, 0.010823428630828857, 0.010823428630828857, 0.010823428630828857, 0.010587445460259914, 0.010587445460259914, 0.010587445460259914, 0.011442605406045914, 0.011442605406045914, 0.011442605406045914, 0.010733685456216335, 0.010733685456216335, 0.010733685456216335, 0.010466953739523888, 0.010466953739523888, 0.010466953739523888, 0.010778919793665409, 0.010778919793665409, 0.010778919793665409, 0.010682698339223862, 0.010682698339223862, 0.010682698339223862, 0.010505222715437412, 0.010505222715437412, 0.010505222715437412, 0.01065720897167921, 0.01065720897167921, 0.01065720897167921, 0.010488259606063366, 0.010488259606063366, 0.010488259606063366, 0.01062822062522173, 0.01062822062522173, 0.01062822062522173, 0.010651126503944397, 0.010651126503944397, 0.010651126503944397, 0.010448882356286049, 0.010448882356286049, 0.010448882356286049, 0.01055215671658516, 0.01055215671658516, 0.01055215671658516, 0.010593435727059841, 0.010593435727059841, 0.010593435727059841, 0.010530425235629082], "phases": [100, 100, 100, 100, 100, 100, 100, 100, 100, 100, 90], "phases_names": ["threshold 0 ", "threshold 1 ", "threshold 2 ", "threshold 3 ", "threshold 4 ", "threshold 5 ", "threshold 6 ", "threshold 7 ", "threshold 8 ", "threshold 9 ", "best epoch"]}