{"best_train_err": 18.022953033447266, "best_test_mse": 0.00025109408306889236, "best_test_mape": 21.34310156106949, "best_test_forecast": 0.0, "train_evolution": [18.34426498413086, 25.64824104309082, 19.77225685119629, 20.65660285949707, 21.229957580566406, 20.21867561340332, 19.3266658782959, 19.23280906677246, 19.618087768554688, 19.66362762451172, 19.138076782226562, 18.646577835083008, 18.538908004760742, 18.644140243530273, 18.767223358154297, 18.83780288696289, 18.73812484741211, 18.41660499572754, 18.147275924682617, 18.21880531311035, 18.47032928466797, 18.512802124023438, 18.2885799407959, 18.08082389831543, 18.085105895996094, 18.219444274902344, 18.29401206970215, 18.215978622436523, 18.060319900512695, 17.99052619934082, 18.062789916992188, 18.14811897277832, 18.125350952148438, 18.04677391052246, 18.01534080505371, 18.027984619140625, 18.03436279296875, 18.028417587280273, 18.018312454223633, 18.002559661865234, 17.995773315429688, 18.006427764892578, 18.01085090637207, 17.993833541870117, 17.972911834716797, 17.96776008605957, 17.98036766052246, 17.994823455810547, 17.98781967163086, 17.963943481445312, 17.956615447998047, 17.971473693847656, 17.978164672851562, 17.967214584350586, 17.958721160888672, 17.961505889892578, 17.966236114501953, 17.964874267578125, 17.958702087402344, 17.955799102783203, 17.95897674560547, 17.961069107055664, 17.95893096923828, 17.956605911254883, 17.95538902282715, 17.95543098449707, 17.956960678100586, 17.956623077392578, 17.954204559326172, 17.95401382446289, 17.95553207397461, 17.955154418945312, 17.953380584716797, 17.952865600585938, 17.954153060913086, 17.954803466796875, 17.953306198120117, 17.95224952697754, 17.953115463256836, 17.953678131103516, 17.953147888183594, 17.952678680419922, 17.952590942382812, 17.9527587890625, 17.952817916870117, 17.952573776245117, 17.952455520629883, 17.952524185180664, 17.952545166015625, 17.952411651611328, 17.952211380004883, 17.95232582092285, 17.9525203704834, 17.952295303344727, 17.952091217041016, 17.952234268188477, 17.952335357666016, 17.952220916748047, 17.952106475830078, 17.952165603637695], "validation_evolution": [0.14315186440944672, 0.14315186440944672, 0.14315186440944672, 8.878525733947754, 8.878525733947754, 8.878525733947754, 0.038345690816640854, 0.038345690816640854, 0.038345690816640854, 0.05548010393977165, 0.05548010393977165, 0.05548010393977165, 0.06389985978603363, 0.06389985978603363, 0.06389985978603363, 0.05314109846949577, 0.05314109846949577, 0.05314109846949577, 0.023424511775374413, 0.023424511775374413, 0.023424511775374413, 0.03311140462756157, 0.03311140462756157, 0.03311140462756157, 0.023763507604599, 0.023763507604599, 0.023763507604599, 0.0146654536947608, 0.0146654536947608, 0.0146654536947608, 0.019090881571173668, 0.019090881571173668, 0.019090881571173668, 0.01408239547163248, 0.01408239547163248, 0.01408239547163248, 0.01575014553964138, 0.01575014553964138, 0.01575014553964138, 0.012627342715859413, 0.012627342715859413, 0.012627342715859413, 0.013790124095976353, 0.013790124095976353, 0.013790124095976353, 0.011691603809595108, 0.011691603809595108, 0.011691603809595108, 0.011506613343954086, 0.011506613343954086, 0.011506613343954086, 0.012127199210226536, 0.012127199210226536, 0.012127199210226536, 0.011324377730488777, 0.011324377730488777, 0.011324377730488777, 0.010984809137880802, 0.010984809137880802, 0.010984809137880802, 0.011685948818922043, 0.011685948818922043, 0.011685948818922043, 0.010962083004415035, 0.010962083004415035, 0.010962083004415035, 0.010803797282278538, 0.010803797282278538, 0.010803797282278538, 0.011029361747205257, 0.011029361747205257, 0.011029361747205257, 0.010918308980762959, 0.010918308980762959, 0.010918308980762959, 0.010799797251820564, 0.010799797251820564, 0.010799797251820564, 0.010913805104792118, 0.010913805104792118, 0.010913805104792118, 0.0107698580250144, 0.0107698580250144, 0.0107698580250144, 0.010899495333433151, 0.010899495333433151, 0.010899495333433151, 0.010906997136771679, 0.010906997136771679, 0.010906997136771679, 0.010753528214991093, 0.010753528214991093, 0.010753528214991093, 0.010811468586325645, 0.010811468586325645, 0.010811468586325645, 0.010867592878639698, 0.010867592878639698, 0.010867592878639698, 0.010815597139298916], "phases": [100, 100, 100, 100, 100, 100, 100, 100, 100, 100, 90], "phases_names": ["threshold 0 ", "threshold 1 ", "threshold 2 ", "threshold 3 ", "threshold 4 ", "threshold 5 ", "threshold 6 ", "threshold 7 ", "threshold 8 ", "threshold 9 ", "best epoch"]}