{"best_train_err": 17.66338348388672, "best_test_mse": 0.000584268185775727, "best_test_mape": 20.990271866321564, "best_test_forecast": 0.0, "train_evolution": [17.977930068969727, 24.580801010131836, 19.677350997924805, 19.905017852783203, 20.28661346435547, 19.997493743896484, 19.260244369506836, 18.55962371826172, 18.808740615844727, 19.292165756225586, 18.98135757446289, 18.2225341796875, 17.9141845703125, 18.209522247314453, 18.577417373657227, 18.574546813964844, 18.240524291992188, 17.882888793945312, 17.77593994140625, 17.936220169067383, 18.11653709411621, 18.098752975463867, 17.926496505737305, 17.774375915527344, 17.742380142211914, 17.812917709350586, 17.89009666442871, 17.86368751525879, 17.739471435546875, 17.663991928100586, 17.717802047729492, 17.789594650268555, 17.764368057250977, 17.691055297851562, 17.660499572753906, 17.671463012695312, 17.69089126586914, 17.705078125, 17.689727783203125, 17.645397186279297, 17.62839126586914, 17.658416748046875, 17.677169799804688, 17.6538143157959, 17.628393173217773, 17.6289119720459, 17.63945770263672, 17.643516540527344, 17.637409210205078, 17.625211715698242, 17.621021270751953, 17.628984451293945, 17.63304328918457, 17.62483024597168, 17.615962982177734, 17.617019653320312, 17.624053955078125, 17.625591278076172, 17.61855697631836, 17.613122940063477, 17.61533546447754, 17.61858558654785, 17.618045806884766, 17.61555290222168, 17.61337661743164, 17.613920211791992, 17.61582374572754, 17.6143741607666, 17.611923217773438, 17.61305046081543, 17.61447525024414, 17.613309860229492, 17.611957550048828, 17.611656188964844, 17.612276077270508, 17.613065719604492, 17.61226463317871, 17.610984802246094, 17.611366271972656, 17.612165451049805, 17.611894607543945, 17.611249923706055, 17.611087799072266, 17.611377716064453, 17.611469268798828, 17.61115837097168, 17.611011505126953, 17.61114501953125, 17.611194610595703, 17.610986709594727, 17.61081314086914, 17.61100959777832, 17.611127853393555, 17.610877990722656, 17.610748291015625, 17.6108455657959, 17.610933303833008, 17.610910415649414, 17.610755920410156, 17.610736846923828], "validation_evolution": [0.1657022088766098, 0.1657022088766098, 0.1657022088766098, 1.153808355331421, 1.153808355331421, 1.153808355331421, 0.037597618997097015, 0.037597618997097015, 0.037597618997097015, 0.08271096646785736, 0.08271096646785736, 0.08271096646785736, 0.03820604085922241, 0.03820604085922241, 0.03820604085922241, 0.06439252942800522, 0.06439252942800522, 0.06439252942800522, 0.03592487797141075, 0.03592487797141075, 0.03592487797141075, 0.022158334031701088, 0.022158334031701088, 0.022158334031701088, 0.02851671539247036, 0.02851671539247036, 0.02851671539247036, 0.020255662500858307, 0.020255662500858307, 0.020255662500858307, 0.02263200655579567, 0.02263200655579567, 0.02263200655579567, 0.01698838360607624, 0.01698838360607624, 0.01698838360607624, 0.01774222031235695, 0.01774222031235695, 0.01774222031235695, 0.013755984604358673, 0.013755984604358673, 0.013755984604358673, 0.0156774390488863, 0.0156774390488863, 0.0156774390488863, 0.01372534316033125, 0.01372534316033125, 0.01372534316033125, 0.013540683314204216, 0.013540683314204216, 0.013540683314204216, 0.014302344992756844, 0.014302344992756844, 0.014302344992756844, 0.013468458317220211, 0.013468458317220211, 0.013468458317220211, 0.013499400578439236, 0.013499400578439236, 0.013499400578439236, 0.013693281449377537, 0.013693281449377537, 0.013693281449377537, 0.013190412893891335, 0.013190412893891335, 0.013190412893891335, 0.013087907806038857, 0.013087907806038857, 0.013087907806038857, 0.013557897880673409, 0.013557897880673409, 0.013557897880673409, 0.012974324636161327, 0.012974324636161327, 0.012974324636161327, 0.013111907057464123, 0.013111907057464123, 0.013111907057464123, 0.013268661685287952, 0.013268661685287952, 0.013268661685287952, 0.013198326341807842, 0.013198326341807842, 0.013198326341807842, 0.01299393642693758, 0.01299393642693758, 0.01299393642693758, 0.013170476071536541, 0.013170476071536541, 0.013170476071536541, 0.013043195940554142, 0.013043195940554142, 0.013043195940554142, 0.013115146197378635, 0.013115146197378635, 0.013115146197378635, 0.013104303739964962, 0.013104303739964962, 0.013104303739964962, 0.01308480929583311], "phases": [100, 100, 100, 100, 100, 100, 100, 100, 100, 100, 72], "phases_names": ["threshold 0 ", "threshold 1 ", "threshold 2 ", "threshold 3 ", "threshold 4 ", "threshold 5 ", "threshold 6 ", "threshold 7 ", "threshold 8 ", "threshold 9 ", "best epoch"]}