{"best_train_err": 18.229455947875977, "best_test_mse": 0.0008647970389574766, "best_test_mape": 70.04252076148987, "best_test_forecast": 0.0, "train_evolution": [18.555509567260742, 25.80131721496582, 19.87266731262207, 20.8110294342041, 21.453725814819336, 20.41707992553711, 19.46537971496582, 19.395387649536133, 19.827720642089844, 19.85721778869629, 19.287744522094727, 18.803415298461914, 18.747474670410156, 18.873788833618164, 18.965051651000977, 18.994844436645508, 18.89403533935547, 18.60670280456543, 18.362878799438477, 18.423036575317383, 18.646520614624023, 18.687896728515625, 18.489700317382812, 18.292295455932617, 18.275657653808594, 18.39345359802246, 18.4808292388916, 18.41994857788086, 18.26002311706543, 18.178247451782227, 18.25189208984375, 18.345781326293945, 18.323057174682617, 18.236650466918945, 18.201431274414062, 18.22067642211914, 18.235919952392578, 18.227659225463867, 18.2069149017334, 18.189876556396484, 18.192533493041992, 18.205472946166992, 18.20232391357422, 18.183794021606445, 18.169572830200195, 18.166074752807617, 18.17328643798828, 18.18498420715332, 18.180999755859375, 18.16059112548828, 18.152698516845703, 18.16470718383789, 18.17125701904297, 18.162145614624023, 18.152875900268555, 18.154443740844727, 18.161272048950195, 18.161113739013672, 18.15251922607422, 18.148454666137695, 18.15338706970215, 18.156288146972656, 18.153215408325195, 18.150497436523438, 18.149991989135742, 18.150320053100586, 18.15085792541504, 18.150146484375, 18.148975372314453, 18.149141311645508, 18.149564743041992, 18.149084091186523, 18.147964477539062, 18.147296905517578, 18.148326873779297, 18.14920997619629, 18.147829055786133, 18.14657211303711, 18.147310256958008, 18.148086547851562, 18.147632598876953, 18.146894454956055, 18.146913528442383, 18.1473331451416, 18.147146224975586, 18.14675521850586, 18.146875381469727, 18.146982192993164, 18.1468563079834, 18.146732330322266, 18.146631240844727, 18.146711349487305, 18.146800994873047, 18.14665985107422, 18.14652442932129, 18.14657211303711, 18.14667320251465, 18.146610260009766, 18.146455764770508, 18.14651870727539], "validation_evolution": [0.13965365290641785, 0.13965365290641785, 0.13965365290641785, 9.275824546813965, 9.275824546813965, 9.275824546813965, 0.033919498324394226, 0.033919498324394226, 0.033919498324394226, 0.04773982986807823, 0.04773982986807823, 0.04773982986807823, 0.06876710802316666, 0.06876710802316666, 0.06876710802316666, 0.04775973781943321, 0.04775973781943321, 0.04775973781943321, 0.023271458223462105, 0.023271458223462105, 0.023271458223462105, 0.032958485186100006, 0.032958485186100006, 0.032958485186100006, 0.0230867937207222, 0.0230867937207222, 0.0230867937207222, 0.01529079768806696, 0.01529079768806696, 0.01529079768806696, 0.019485093653202057, 0.019485093653202057, 0.019485093653202057, 0.014194803312420845, 0.014194803312420845, 0.014194803312420845, 0.015664957463741302, 0.015664957463741302, 0.015664957463741302, 0.013095338828861713, 0.013095338828861713, 0.013095338828861713, 0.013827946037054062, 0.013827946037054062, 0.013827946037054062, 0.011704545468091965, 0.011704545468091965, 0.011704545468091965, 0.012119247578084469, 0.012119247578084469, 0.012119247578084469, 0.01245939265936613, 0.01245939265936613, 0.01245939265936613, 0.011387591250240803, 0.011387591250240803, 0.011387591250240803, 0.011191584169864655, 0.011191584169864655, 0.011191584169864655, 0.012201063334941864, 0.012201063334941864, 0.012201063334941864, 0.011326538398861885, 0.011326538398861885, 0.011326538398861885, 0.011104998178780079, 0.011104998178780079, 0.011104998178780079, 0.011313344351947308, 0.011313344351947308, 0.011313344351947308, 0.011340143159031868, 0.011340143159031868, 0.011340143159031868, 0.01118719857186079, 0.01118719857186079, 0.01118719857186079, 0.011257542297244072, 0.011257542297244072, 0.011257542297244072, 0.011127522215247154, 0.011127522215247154, 0.011127522215247154, 0.011259558610618114, 0.011259558610618114, 0.011259558610618114, 0.011293007992208004, 0.011293007992208004, 0.011293007992208004, 0.011086204089224339, 0.011086204089224339, 0.011086204089224339, 0.011186115443706512, 0.011186115443706512, 0.011186115443706512, 0.011240003630518913, 0.011240003630518913, 0.011240003630518913, 0.011176844127476215], "phases": [100, 100, 100, 100, 100, 100, 100, 100, 100, 100, 90], "phases_names": ["threshold 0 ", "threshold 1 ", "threshold 2 ", "threshold 3 ", "threshold 4 ", "threshold 5 ", "threshold 6 ", "threshold 7 ", "threshold 8 ", "threshold 9 ", "best epoch"]}