{"best_train_err": 18.18303108215332, "best_test_mse": 0.00027563629555515945, "best_test_mape": 31.86638355255127, "best_test_forecast": 0.0, "train_evolution": [18.544273376464844, 25.93886375427246, 19.86214256286621, 20.83975601196289, 21.51294708251953, 20.430070877075195, 19.461393356323242, 19.412309646606445, 19.862733840942383, 19.89104461669922, 19.286771774291992, 18.765111923217773, 18.732025146484375, 18.909603118896484, 18.99709701538086, 18.97840118408203, 18.867258071899414, 18.61635398864746, 18.38328742980957, 18.411285400390625, 18.61591148376465, 18.676233291625977, 18.498973846435547, 18.29962921142578, 18.270051956176758, 18.376623153686523, 18.46251106262207, 18.41411018371582, 18.263954162597656, 18.171356201171875, 18.23244285583496, 18.33670425415039, 18.32762336730957, 18.231536865234375, 18.181928634643555, 18.206905364990234, 18.23306655883789, 18.222143173217773, 18.194942474365234, 18.178434371948242, 18.184249877929688, 18.198726654052734, 18.19382095336914, 18.170804977416992, 18.157291412353516, 18.160106658935547, 18.167024612426758, 18.172578811645508, 18.169498443603516, 18.153697967529297, 18.143753051757812, 18.15254020690918, 18.16115951538086, 18.15414047241211, 18.143863677978516, 18.143884658813477, 18.15023422241211, 18.151466369628906, 18.14398956298828, 18.138277053833008, 18.142494201660156, 18.14725112915039, 18.14396858215332, 18.139610290527344, 18.139934539794922, 18.141265869140625, 18.140975952148438, 18.139751434326172, 18.138940811157227, 18.1395206451416, 18.139907836914062, 18.138864517211914, 18.137874603271484, 18.13772964477539, 18.138286590576172, 18.138978958129883, 18.138233184814453, 18.136831283569336, 18.13710594177246, 18.13807487487793, 18.1378231048584, 18.13703155517578, 18.136924743652344, 18.137351989746094, 18.137310028076172, 18.136777877807617, 18.136817932128906, 18.137174606323242, 18.136985778808594, 18.136682510375977, 18.136707305908203, 18.136825561523438, 18.136844635009766, 18.136703491210938, 18.13660430908203, 18.136661529541016, 18.136699676513672, 18.13665771484375, 18.13656997680664, 18.136558532714844], "validation_evolution": [0.1386013776063919, 0.1386013776063919, 0.1386013776063919, 8.893304824829102, 8.893304824829102, 8.893304824829102, 0.036901410669088364, 0.036901410669088364, 0.036901410669088364, 0.05101422592997551, 0.05101422592997551, 0.05101422592997551, 0.08040668070316315, 0.08040668070316315, 0.08040668070316315, 0.05098668858408928, 0.05098668858408928, 0.05098668858408928, 0.022962119430303574, 0.022962119430303574, 0.022962119430303574, 0.037579018622636795, 0.037579018622636795, 0.037579018622636795, 0.02359304204583168, 0.02359304204583168, 0.02359304204583168, 0.015507024712860584, 0.015507024712860584, 0.015507024712860584, 0.020701786503195763, 0.020701786503195763, 0.020701786503195763, 0.014009067788720131, 0.014009067788720131, 0.014009067788720131, 0.01548773143440485, 0.01548773143440485, 0.01548773143440485, 0.013830185867846012, 0.013830185867846012, 0.013830185867846012, 0.013754388317465782, 0.013754388317465782, 0.013754388317465782, 0.01203454565256834, 0.01203454565256834, 0.01203454565256834, 0.012593950144946575, 0.012593950144946575, 0.012593950144946575, 0.01237243041396141, 0.01237243041396141, 0.01237243041396141, 0.011528649367392063, 0.011528649367392063, 0.011528649367392063, 0.0115478141233325, 0.0115478141233325, 0.0115478141233325, 0.0122469961643219, 0.0122469961643219, 0.0122469961643219, 0.01146426610648632, 0.01146426610648632, 0.01146426610648632, 0.01125593762844801, 0.01125593762844801, 0.01125593762844801, 0.011500143446028233, 0.011500143446028233, 0.011500143446028233, 0.011473101563751698, 0.011473101563751698, 0.011473101563751698, 0.011223763227462769, 0.011223763227462769, 0.011223763227462769, 0.011421662755310535, 0.011421662755310535, 0.011421662755310535, 0.011233150027692318, 0.011233150027692318, 0.011233150027692318, 0.01132845226675272, 0.01132845226675272, 0.01132845226675272, 0.011400008574128151, 0.011400008574128151, 0.011400008574128151, 0.01120048575103283, 0.01120048575103283, 0.01120048575103283, 0.01130168978124857, 0.01130168978124857, 0.01130168978124857, 0.011324715800583363, 0.011324715800583363, 0.011324715800583363, 0.01128786988556385], "phases": [100, 100, 100, 100, 100, 100, 100, 100, 100, 100, 90], "phases_names": ["threshold 0 ", "threshold 1 ", "threshold 2 ", "threshold 3 ", "threshold 4 ", "threshold 5 ", "threshold 6 ", "threshold 7 ", "threshold 8 ", "threshold 9 ", "best epoch"]}