{"best_train_err": 18.421371459960938, "best_test_mse": 0.00020822057558689266, "best_test_mape": 26.664775609970093, "best_test_forecast": 0.0, "train_evolution": [18.76668930053711, 24.409343719482422, 20.08484649658203, 19.974756240844727, 21.119356155395508, 20.618093490600586, 19.53740882873535, 19.028905868530273, 19.395050048828125, 19.871063232421875, 19.553302764892578, 18.843101501464844, 18.650503158569336, 18.951141357421875, 19.17046356201172, 19.12714958190918, 18.899616241455078, 18.5892276763916, 18.464004516601562, 18.65653419494629, 18.86795425415039, 18.809844970703125, 18.58230972290039, 18.433483123779297, 18.46317481994629, 18.581390380859375, 18.631258010864258, 18.56446647644043, 18.457157135009766, 18.396934509277344, 18.430007934570312, 18.510433197021484, 18.516849517822266, 18.437580108642578, 18.388763427734375, 18.407093048095703, 18.433786392211914, 18.439096450805664, 18.417457580566406, 18.3828125, 18.379474639892578, 18.40713882446289, 18.416513442993164, 18.39268684387207, 18.36737632751465, 18.369155883789062, 18.38739013671875, 18.393386840820312, 18.382692337036133, 18.36746597290039, 18.362546920776367, 18.374067306518555, 18.380773544311523, 18.370868682861328, 18.362741470336914, 18.36425018310547, 18.368654251098633, 18.37040138244629, 18.36578369140625, 18.360864639282227, 18.362239837646484, 18.365530014038086, 18.36457633972168, 18.361148834228516, 18.360902786254883, 18.362455368041992, 18.36243438720703, 18.361116409301758, 18.359413146972656, 18.360157012939453, 18.361860275268555, 18.360759735107422, 18.359115600585938, 18.359086990356445, 18.3599853515625, 18.360347747802734, 18.359464645385742, 18.35869598388672, 18.359079360961914, 18.359670639038086, 18.359188079833984, 18.35865020751953, 18.35882568359375, 18.35906410217285, 18.359050750732422, 18.35861587524414, 18.3585262298584, 18.358854293823242, 18.35879898071289, 18.358522415161133, 18.358469009399414, 18.358642578125, 18.358686447143555, 18.358503341674805, 18.35835838317871, 18.358509063720703, 18.35860252380371, 18.358461380004883, 18.358375549316406, 18.358407974243164], "validation_evolution": [0.13146430253982544, 0.13146430253982544, 0.13146430253982544, 0.2694341540336609, 0.2694341540336609, 0.2694341540336609, 0.06578921526670456, 0.06578921526670456, 0.06578921526670456, 0.05689532682299614, 0.05689532682299614, 0.05689532682299614, 0.04908747971057892, 0.04908747971057892, 0.04908747971057892, 0.05066847801208496, 0.05066847801208496, 0.05066847801208496, 0.031018834561109543, 0.031018834561109543, 0.031018834561109543, 0.022749299183487892, 0.022749299183487892, 0.022749299183487892, 0.03237670287489891, 0.03237670287489891, 0.03237670287489891, 0.01857485994696617, 0.01857485994696617, 0.01857485994696617, 0.023686416447162628, 0.023686416447162628, 0.023686416447162628, 0.018194686621427536, 0.018194686621427536, 0.018194686621427536, 0.02198459394276142, 0.02198459394276142, 0.02198459394276142, 0.01655213162302971, 0.01655213162302971, 0.01655213162302971, 0.017498893663287163, 0.017498893663287163, 0.017498893663287163, 0.016506975516676903, 0.016506975516676903, 0.016506975516676903, 0.016033638268709183, 0.016033638268709183, 0.016033638268709183, 0.01701519452035427, 0.01701519452035427, 0.01701519452035427, 0.016229022294282913, 0.016229022294282913, 0.016229022294282913, 0.016242850571870804, 0.016242850571870804, 0.016242850571870804, 0.016558362171053886, 0.016558362171053886, 0.016558362171053886, 0.015952354297041893, 0.015952354297041893, 0.015952354297041893, 0.015949860215187073, 0.015949860215187073, 0.015949860215187073, 0.016290878877043724, 0.016290878877043724, 0.016290878877043724, 0.015912499278783798, 0.015912499278783798, 0.015912499278783798, 0.015914039686322212, 0.015914039686322212, 0.015914039686322212, 0.016082823276519775, 0.016082823276519775, 0.016082823276519775, 0.015954645350575447, 0.015954645350575447, 0.015954645350575447, 0.01593424193561077, 0.01593424193561077, 0.01593424193561077, 0.01602652668952942, 0.01602652668952942, 0.01602652668952942, 0.01591632515192032, 0.01591632515192032, 0.01591632515192032, 0.01595352776348591, 0.01595352776348591, 0.01595352776348591, 0.015975436195731163, 0.015975436195731163, 0.015975436195731163, 0.015933532267808914], "phases": [100, 100, 100, 100, 100, 100, 100, 100, 100, 100, 72], "phases_names": ["threshold 0 ", "threshold 1 ", "threshold 2 ", "threshold 3 ", "threshold 4 ", "threshold 5 ", "threshold 6 ", "threshold 7 ", "threshold 8 ", "threshold 9 ", "best epoch"]}