{"best_train_err": 18.140155792236328, "best_test_mse": 0.001589890685863793, "best_test_mape": 103.87327671051025, "best_test_forecast": 0.0, "train_evolution": [18.4554386138916, 25.78714942932129, 19.888107299804688, 20.75550651550293, 21.34914207458496, 20.346485137939453, 19.43450927734375, 19.337251663208008, 19.735315322875977, 19.78131103515625, 19.249374389648438, 18.75865364074707, 18.647676467895508, 18.743167877197266, 18.870075225830078, 18.955835342407227, 18.858152389526367, 18.524227142333984, 18.25055694580078, 18.32837677001953, 18.580360412597656, 18.617673873901367, 18.394695281982422, 18.191682815551758, 18.195039749145508, 18.327070236206055, 18.402896881103516, 18.3238468170166, 18.164091110229492, 18.09501838684082, 18.171409606933594, 18.25641441345215, 18.23176383972168, 18.155014038085938, 18.12356185913086, 18.131784439086914, 18.137500762939453, 18.136056900024414, 18.127498626708984, 18.109521865844727, 18.101886749267578, 18.11258316040039, 18.116519927978516, 18.100204467773438, 18.079898834228516, 18.07378578186035, 18.086570739746094, 18.102149963378906, 18.094152450561523, 18.069175720214844, 18.062894821166992, 18.07820701599121, 18.084205627441406, 18.07360076904297, 18.065399169921875, 18.067481994628906, 18.072166442871094, 18.07120132446289, 18.064970016479492, 18.062149047851562, 18.06525230407715, 18.06700325012207, 18.06517219543457, 18.063005447387695, 18.061269760131836, 18.061418533325195, 18.06339454650879, 18.0628604888916, 18.060274124145508, 18.060152053833008, 18.06161117553711, 18.061328887939453, 18.059612274169922, 18.058998107910156, 18.06033706665039, 18.06093978881836, 18.059354782104492, 18.058441162109375, 18.059303283691406, 18.05977439880371, 18.059335708618164, 18.058834075927734, 18.058670043945312, 18.05890464782715, 18.058988571166992, 18.05874252319336, 18.058591842651367, 18.058622360229492, 18.05870246887207, 18.058574676513672, 18.05832862854004, 18.058475494384766, 18.05866241455078, 18.058420181274414, 18.05824089050293, 18.05837059020996, 18.058469772338867, 18.05836296081543, 18.058242797851562, 18.058307647705078], "validation_evolution": [0.13862961530685425, 0.13862961530685425, 0.13862961530685425, 10.674750328063965, 10.674750328063965, 10.674750328063965, 0.036133695393800735, 0.036133695393800735, 0.036133695393800735, 0.06336947530508041, 0.06336947530508041, 0.06336947530508041, 0.06423671543598175, 0.06423671543598175, 0.06423671543598175, 0.05458925664424896, 0.05458925664424896, 0.05458925664424896, 0.024536307901144028, 0.024536307901144028, 0.024536307901144028, 0.03606563061475754, 0.03606563061475754, 0.03606563061475754, 0.02463712729513645, 0.02463712729513645, 0.02463712729513645, 0.015313615091145039, 0.015313615091145039, 0.015313615091145039, 0.020558174699544907, 0.020558174699544907, 0.020558174699544907, 0.014909658581018448, 0.014909658581018448, 0.014909658581018448, 0.016463343054056168, 0.016463343054056168, 0.016463343054056168, 0.013312197290360928, 0.013312197290360928, 0.013312197290360928, 0.014371090568602085, 0.014371090568602085, 0.014371090568602085, 0.012358319945633411, 0.012358319945633411, 0.012358319945633411, 0.011930576525628567, 0.011930576525628567, 0.011930576525628567, 0.012680579908192158, 0.012680579908192158, 0.012680579908192158, 0.011956959962844849, 0.011956959962844849, 0.011956959962844849, 0.011617611162364483, 0.011617611162364483, 0.011617611162364483, 0.01224946603178978, 0.01224946603178978, 0.01224946603178978, 0.011555897071957588, 0.011555897071957588, 0.011555897071957588, 0.011392993852496147, 0.011392993852496147, 0.011392993852496147, 0.01175687275826931, 0.01175687275826931, 0.01175687275826931, 0.011503731831908226, 0.011503731831908226, 0.011503731831908226, 0.011375369504094124, 0.011375369504094124, 0.011375369504094124, 0.011567605659365654, 0.011567605659365654, 0.011567605659365654, 0.011384752579033375, 0.011384752579033375, 0.011384752579033375, 0.011523590423166752, 0.011523590423166752, 0.011523590423166752, 0.01153610646724701, 0.01153610646724701, 0.01153610646724701, 0.011383401229977608, 0.011383401229977608, 0.011383401229977608, 0.011423934251070023, 0.011423934251070023, 0.011423934251070023, 0.01148772332817316, 0.01148772332817316, 0.01148772332817316, 0.011436130851507187], "phases": [100, 100, 100, 100, 100, 100, 100, 100, 100, 100, 75], "phases_names": ["threshold 0 ", "threshold 1 ", "threshold 2 ", "threshold 3 ", "threshold 4 ", "threshold 5 ", "threshold 6 ", "threshold 7 ", "threshold 8 ", "threshold 9 ", "best epoch"]}