{"best_train_err": 17.693798065185547, "best_test_mse": 0.0006226764526218176, "best_test_mape": 29.528868198394775, "best_test_forecast": 0.0, "train_evolution": [17.988853454589844, 23.662918090820312, 19.353878021240234, 19.248249053955078, 20.457962036132812, 19.923030853271484, 18.80548858642578, 18.230342864990234, 18.672256469726562, 19.20848274230957, 18.826379776000977, 18.115184783935547, 17.947650909423828, 18.18831443786621, 18.39507293701172, 18.424697875976562, 18.207782745361328, 17.844804763793945, 17.718299865722656, 17.937471389770508, 18.141685485839844, 18.074432373046875, 17.855072021484375, 17.704044342041016, 17.72119140625, 17.839866638183594, 17.907196044921875, 17.852209091186523, 17.729822158813477, 17.65068817138672, 17.69038200378418, 17.780502319335938, 17.783445358276367, 17.708847045898438, 17.6634464263916, 17.668006896972656, 17.692649841308594, 17.71303367614746, 17.69205093383789, 17.647586822509766, 17.64345359802246, 17.67255210876465, 17.681987762451172, 17.662288665771484, 17.638839721679688, 17.635143280029297, 17.649892807006836, 17.66031837463379, 17.652318954467773, 17.63413429260254, 17.628957748413086, 17.641267776489258, 17.64659309387207, 17.638439178466797, 17.63108253479004, 17.62948226928711, 17.63449478149414, 17.638572692871094, 17.63300323486328, 17.627443313598633, 17.62904930114746, 17.63186264038086, 17.6314640045166, 17.628721237182617, 17.627403259277344, 17.62863540649414, 17.629724502563477, 17.628189086914062, 17.62599754333496, 17.626976013183594, 17.628419876098633, 17.627656936645508, 17.626333236694336, 17.62562370300293, 17.62660026550293, 17.627384185791016, 17.626264572143555, 17.625423431396484, 17.625831604003906, 17.626420974731445, 17.626195907592773, 17.625507354736328, 17.625354766845703, 17.625839233398438, 17.6259708404541, 17.625446319580078, 17.625322341918945, 17.625534057617188, 17.6256103515625, 17.625436782836914, 17.625198364257812, 17.625377655029297, 17.625505447387695, 17.62532615661621, 17.62517738342285, 17.6252498626709, 17.6253662109375, 17.625308990478516, 17.625165939331055, 17.62517738342285], "validation_evolution": [0.14098407328128815, 0.14098407328128815, 0.14098407328128815, 0.30033689737319946, 0.30033689737319946, 0.30033689737319946, 0.05000685527920723, 0.05000685527920723, 0.05000685527920723, 0.05201079323887825, 0.05201079323887825, 0.05201079323887825, 0.055260591208934784, 0.055260591208934784, 0.055260591208934784, 0.057639047503471375, 0.057639047503471375, 0.057639047503471375, 0.03254127874970436, 0.03254127874970436, 0.03254127874970436, 0.022893382236361504, 0.022893382236361504, 0.022893382236361504, 0.031540438532829285, 0.031540438532829285, 0.031540438532829285, 0.018358690664172173, 0.018358690664172173, 0.018358690664172173, 0.02250022441148758, 0.02250022441148758, 0.02250022441148758, 0.017365019768476486, 0.017365019768476486, 0.017365019768476486, 0.021319391205906868, 0.021319391205906868, 0.021319391205906868, 0.015238390304148197, 0.015238390304148197, 0.015238390304148197, 0.016410881653428078, 0.016410881653428078, 0.016410881653428078, 0.014827057719230652, 0.014827057719230652, 0.014827057719230652, 0.014523779042065144, 0.014523779042065144, 0.014523779042065144, 0.01570568047463894, 0.01570568047463894, 0.01570568047463894, 0.014551770873367786, 0.014551770873367786, 0.014551770873367786, 0.01465442031621933, 0.01465442031621933, 0.01465442031621933, 0.015041067264974117, 0.015041067264974117, 0.015041067264974117, 0.014344430528581142, 0.014344430528581142, 0.014344430528581142, 0.014325684867799282, 0.014325684867799282, 0.014325684867799282, 0.014782486483454704, 0.014782486483454704, 0.014782486483454704, 0.014358756132423878, 0.014358756132423878, 0.014358756132423878, 0.014278427697718143, 0.014278427697718143, 0.014278427697718143, 0.014526539482176304, 0.014526539482176304, 0.014526539482176304, 0.014317640103399754, 0.014317640103399754, 0.014317640103399754, 0.01437817420810461, 0.01437817420810461, 0.01437817420810461, 0.014497700147330761, 0.014497700147330761, 0.014497700147330761, 0.014301715418696404, 0.014301715418696404, 0.014301715418696404, 0.014361661858856678, 0.014361661858856678, 0.014361661858856678, 0.014449914917349815, 0.014449914917349815, 0.014449914917349815, 0.014335905201733112], "phases": [100, 100, 100, 100, 100, 100, 100, 100, 100, 100, 75], "phases_names": ["threshold 0 ", "threshold 1 ", "threshold 2 ", "threshold 3 ", "threshold 4 ", "threshold 5 ", "threshold 6 ", "threshold 7 ", "threshold 8 ", "threshold 9 ", "best epoch"]}