{"best_train_err": 18.36976432800293, "best_test_mse": 0.00019830251403618604, "best_test_mape": 17.1825110912323, "best_test_forecast": 0.0, "train_evolution": [18.51111602783203, 25.855710983276367, 19.93549919128418, 20.826745986938477, 21.412132263183594, 20.397104263305664, 19.502382278442383, 19.410892486572266, 19.798717498779297, 19.84090232849121, 19.30553436279297, 18.808080673217773, 18.70766258239746, 18.82334327697754, 18.945144653320312, 19.00617027282715, 18.90296745300293, 18.58587646484375, 18.319353103637695, 18.388872146606445, 18.638906478881836, 18.68280029296875, 18.45977210998535, 18.251554489135742, 18.25506591796875, 18.38848114013672, 18.462018966674805, 18.383956909179688, 18.229034423828125, 18.15949058532715, 18.23219871520996, 18.31858253479004, 18.295198440551758, 18.21393394470215, 18.181581497192383, 18.19641876220703, 18.204219818115234, 18.197032928466797, 18.185876846313477, 18.170860290527344, 18.164838790893555, 18.175142288208008, 18.17868995666504, 18.16115951538086, 18.140758514404297, 18.13652992248535, 18.148975372314453, 18.162555694580078, 18.155487060546875, 18.131996154785156, 18.124576568603516, 18.139404296875, 18.14631462097168, 18.13518714904785, 18.126453399658203, 18.12944221496582, 18.134309768676758, 18.13277816772461, 18.126495361328125, 18.123655319213867, 18.12700653076172, 18.12912368774414, 18.126684188842773, 18.124244689941406, 18.12331771850586, 18.12343406677246, 18.124755859375, 18.124412536621094, 18.12209701538086, 18.121896743774414, 18.123369216918945, 18.12295913696289, 18.121200561523438, 18.120737075805664, 18.12200355529785, 18.122623443603516, 18.121124267578125, 18.12004852294922, 18.120948791503906, 18.121545791625977, 18.120952606201172, 18.120460510253906, 18.12042808532715, 18.12059783935547, 18.120630264282227, 18.120384216308594, 18.120285034179688, 18.120357513427734, 18.120344161987305, 18.12021255493164, 18.120044708251953, 18.12015151977539, 18.120332717895508, 18.1201114654541, 18.11989974975586, 18.120054244995117, 18.120155334472656, 18.120031356811523, 18.11992073059082, 18.119979858398438], "validation_evolution": [0.14223966002464294, 0.14223966002464294, 0.14223966002464294, 9.157723426818848, 9.157723426818848, 9.157723426818848, 0.03929683938622475, 0.03929683938622475, 0.03929683938622475, 0.05804363265633583, 0.05804363265633583, 0.05804363265633583, 0.06592468172311783, 0.06592468172311783, 0.06592468172311783, 0.04948749393224716, 0.04948749393224716, 0.04948749393224716, 0.024667534977197647, 0.024667534977197647, 0.024667534977197647, 0.036298491060733795, 0.036298491060733795, 0.036298491060733795, 0.02490866184234619, 0.02490866184234619, 0.02490866184234619, 0.016868427395820618, 0.016868427395820618, 0.016868427395820618, 0.021367600187659264, 0.021367600187659264, 0.021367600187659264, 0.016285162419080734, 0.016285162419080734, 0.016285162419080734, 0.017336701974272728, 0.017336701974272728, 0.017336701974272728, 0.014799238182604313, 0.014799238182604313, 0.014799238182604313, 0.01587091200053692, 0.01587091200053692, 0.01587091200053692, 0.01369194034487009, 0.01369194034487009, 0.01369194034487009, 0.013598419725894928, 0.013598419725894928, 0.013598419725894928, 0.014117434620857239, 0.014117434620857239, 0.014117434620857239, 0.0133886206895113, 0.0133886206895113, 0.0133886206895113, 0.013053328730165958, 0.013053328730165958, 0.013053328730165958, 0.01378470566123724, 0.01378470566123724, 0.01378470566123724, 0.013056542724370956, 0.013056542724370956, 0.013056542724370956, 0.012855779379606247, 0.012855779379606247, 0.012855779379606247, 0.013160730712115765, 0.013160730712115765, 0.013160730712115765, 0.013013763353228569, 0.013013763353228569, 0.013013763353228569, 0.012857924215495586, 0.012857924215495586, 0.012857924215495586, 0.013016831129789352, 0.013016831129789352, 0.013016831129789352, 0.01285827998071909, 0.01285827998071909, 0.01285827998071909, 0.013013274408876896, 0.013013274408876896, 0.013013274408876896, 0.013008559122681618, 0.013008559122681618, 0.013008559122681618, 0.012841097079217434, 0.012841097079217434, 0.012841097079217434, 0.012902493588626385, 0.012902493588626385, 0.012902493588626385, 0.012964533641934395, 0.012964533641934395, 0.012964533641934395, 0.012912094593048096], "phases": [100, 100, 100, 100, 100, 100, 100, 100, 100, 100, 90], "phases_names": ["threshold 0 ", "threshold 1 ", "threshold 2 ", "threshold 3 ", "threshold 4 ", "threshold 5 ", "threshold 6 ", "threshold 7 ", "threshold 8 ", "threshold 9 ", "best epoch"]}