{"best_train_err": 18.231252670288086, "best_test_mse": 6.238045170903206e-05, "best_test_mape": 21.932896971702576, "best_test_forecast": 0.0, "train_evolution": [18.611116409301758, 25.84246253967285, 19.841100692749023, 20.845272064208984, 21.530719757080078, 20.453365325927734, 19.4666805267334, 19.41267204284668, 19.869962692260742, 19.896636962890625, 19.298049926757812, 18.801244735717773, 18.785947799682617, 18.954748153686523, 19.024471282958984, 18.99544906616211, 18.88288116455078, 18.64124870300293, 18.426366806030273, 18.464664459228516, 18.6597843170166, 18.707311630249023, 18.532594680786133, 18.340848922729492, 18.307634353637695, 18.408058166503906, 18.499099731445312, 18.459400177001953, 18.31000328063965, 18.214187622070312, 18.273277282714844, 18.37471580505371, 18.363893508911133, 18.271013259887695, 18.22500991821289, 18.250247955322266, 18.2773494720459, 18.267478942871094, 18.236448287963867, 18.215911865234375, 18.224288940429688, 18.242525100708008, 18.23693084716797, 18.213253021240234, 18.201213836669922, 18.203575134277344, 18.208393096923828, 18.2132568359375, 18.210805892944336, 18.19679832458496, 18.188796997070312, 18.196523666381836, 18.202543258666992, 18.19560432434082, 18.18661117553711, 18.186635971069336, 18.193340301513672, 18.19522476196289, 18.187053680419922, 18.180585861206055, 18.184947967529297, 18.189931869506836, 18.187040328979492, 18.182937622070312, 18.18289566040039, 18.18415069580078, 18.183944702148438, 18.1823673248291, 18.181739807128906, 18.182859420776367, 18.183012008666992, 18.181640625, 18.1807918548584, 18.18073081970215, 18.18128776550293, 18.18193244934082, 18.181142807006836, 18.179916381835938, 18.180171966552734, 18.180940628051758, 18.180776596069336, 18.1800594329834, 18.179895401000977, 18.180389404296875, 18.180335998535156, 18.179729461669922, 18.179784774780273, 18.180158615112305, 18.180004119873047, 18.179702758789062, 18.17967987060547, 18.179832458496094, 18.179838180541992, 18.179664611816406, 18.179630279541016, 18.1796932220459, 18.179683685302734, 18.17963981628418, 18.1795654296875, 18.17957305908203], "validation_evolution": [0.13848203420639038, 0.13848203420639038, 0.13848203420639038, 6.75446081161499, 6.75446081161499, 6.75446081161499, 0.032790668308734894, 0.032790668308734894, 0.032790668308734894, 0.043632376939058304, 0.043632376939058304, 0.043632376939058304, 0.07669233530759811, 0.07669233530759811, 0.07669233530759811, 0.05048259347677231, 0.05048259347677231, 0.05048259347677231, 0.021168548613786697, 0.021168548613786697, 0.021168548613786697, 0.033087413758039474, 0.033087413758039474, 0.033087413758039474, 0.021646684035658836, 0.021646684035658836, 0.021646684035658836, 0.013595791533589363, 0.013595791533589363, 0.013595791533589363, 0.017590181902050972, 0.017590181902050972, 0.017590181902050972, 0.010945167392492294, 0.010945167392492294, 0.010945167392492294, 0.013673488050699234, 0.013673488050699234, 0.013673488050699234, 0.010656235739588737, 0.010656235739588737, 0.010656235739588737, 0.01075473427772522, 0.01075473427772522, 0.01075473427772522, 0.009132207371294498, 0.009132207371294498, 0.009132207371294498, 0.009881469421088696, 0.009881469421088696, 0.009881469421088696, 0.009885353036224842, 0.009885353036224842, 0.009885353036224842, 0.008650559931993484, 0.008650559931993484, 0.008650559931993484, 0.008557116612792015, 0.008557116612792015, 0.008557116612792015, 0.009628853760659695, 0.009628853760659695, 0.009628853760659695, 0.00880667194724083, 0.00880667194724083, 0.00880667194724083, 0.008530753664672375, 0.008530753664672375, 0.008530753664672375, 0.008726172149181366, 0.008726172149181366, 0.008726172149181366, 0.00879259780049324, 0.00879259780049324, 0.00879259780049324, 0.008622813038527966, 0.008622813038527966, 0.008622813038527966, 0.008685155771672726, 0.008685155771672726, 0.008685155771672726, 0.008509445004165173, 0.008509445004165173, 0.008509445004165173, 0.008649041876196861, 0.008649041876196861, 0.008649041876196861, 0.008720694109797478, 0.008720694109797478, 0.008720694109797478, 0.008497494272887707, 0.008497494272887707, 0.008497494272887707, 0.008590282872319221, 0.008590282872319221, 0.008590282872319221, 0.008635954931378365, 0.008635954931378365, 0.008635954931378365, 0.008578157983720303], "phases": [100, 100, 100, 100, 100, 100, 100, 100, 100, 100, 90], "phases_names": ["threshold 0 ", "threshold 1 ", "threshold 2 ", "threshold 3 ", "threshold 4 ", "threshold 5 ", "threshold 6 ", "threshold 7 ", "threshold 8 ", "threshold 9 ", "best epoch"]}