{"best_train_err": 18.57711410522461, "best_test_mse": 0.00017634392133913934, "best_test_mape": 91.3336992263794, "best_test_forecast": 0.0, "train_evolution": [18.755626678466797, 26.221803665161133, 20.047216415405273, 21.07749366760254, 21.762245178222656, 20.646467208862305, 19.681594848632812, 19.637462615966797, 20.07834243774414, 20.105192184448242, 19.498498916625977, 18.963197708129883, 18.938888549804688, 19.146684646606445, 19.23313331604004, 19.176284790039062, 19.047866821289062, 18.822526931762695, 18.608535766601562, 18.623624801635742, 18.815887451171875, 18.884153366088867, 18.713703155517578, 18.507953643798828, 18.47237777709961, 18.57808494567871, 18.663570404052734, 18.620067596435547, 18.478412628173828, 18.382490158081055, 18.431106567382812, 18.535036087036133, 18.53595733642578, 18.439294815063477, 18.381837844848633, 18.409591674804688, 18.443262100219727, 18.429906845092773, 18.396390914916992, 18.37974739074707, 18.388017654418945, 18.403871536254883, 18.39980125427246, 18.374988555908203, 18.359394073486328, 18.3646297454834, 18.373104095458984, 18.374950408935547, 18.37078857421875, 18.358985900878906, 18.3497314453125, 18.355642318725586, 18.364065170288086, 18.358230590820312, 18.347707748413086, 18.347553253173828, 18.35392189025879, 18.355207443237305, 18.34841537475586, 18.342247009277344, 18.345260620117188, 18.350801467895508, 18.348421096801758, 18.343154907226562, 18.34334373474121, 18.3454647064209, 18.344783782958984, 18.34303855895996, 18.34253692626953, 18.343412399291992, 18.34389305114746, 18.34256935119629, 18.341278076171875, 18.341508865356445, 18.3421630859375, 18.342464447021484, 18.341938018798828, 18.34076499938965, 18.340713500976562, 18.34163475036621, 18.341554641723633, 18.34077262878418, 18.340648651123047, 18.341014862060547, 18.34099769592285, 18.340513229370117, 18.34043312072754, 18.340852737426758, 18.34076690673828, 18.340330123901367, 18.340351104736328, 18.340559005737305, 18.340530395507812, 18.34037208557129, 18.340293884277344, 18.340370178222656, 18.340396881103516, 18.340309143066406, 18.34026527404785, 18.340269088745117], "validation_evolution": [0.1378881186246872, 0.1378881186246872, 0.1378881186246872, 9.401237487792969, 9.401237487792969, 9.401237487792969, 0.03815343230962753, 0.03815343230962753, 0.03815343230962753, 0.04738074913620949, 0.04738074913620949, 0.04738074913620949, 0.08313349634408951, 0.08313349634408951, 0.08313349634408951, 0.04740053787827492, 0.04740053787827492, 0.04740053787827492, 0.022586409002542496, 0.022586409002542496, 0.022586409002542496, 0.03853202611207962, 0.03853202611207962, 0.03853202611207962, 0.0244289543479681, 0.0244289543479681, 0.0244289543479681, 0.016240796074271202, 0.016240796074271202, 0.016240796074271202, 0.020315581932663918, 0.020315581932663918, 0.020315581932663918, 0.013581222854554653, 0.013581222854554653, 0.013581222854554653, 0.015639925375580788, 0.015639925375580788, 0.015639925375580788, 0.014117571525275707, 0.014117571525275707, 0.014117571525275707, 0.014176596887409687, 0.014176596887409687, 0.014176596887409687, 0.01247014943510294, 0.01247014943510294, 0.01247014943510294, 0.013026181608438492, 0.013026181608438492, 0.013026181608438492, 0.012708766385912895, 0.012708766385912895, 0.012708766385912895, 0.01196291483938694, 0.01196291483938694, 0.01196291483938694, 0.012153849937021732, 0.012153849937021732, 0.012153849937021732, 0.012509169988334179, 0.012509169988334179, 0.012509169988334179, 0.01187909860163927, 0.01187909860163927, 0.01187909860163927, 0.011787214316427708, 0.011787214316427708, 0.011787214316427708, 0.012004764750599861, 0.012004764750599861, 0.012004764750599861, 0.011874405667185783, 0.011874405667185783, 0.011874405667185783, 0.011637866497039795, 0.011637866497039795, 0.011637866497039795, 0.011867242865264416, 0.011867242865264416, 0.011867242865264416, 0.011713660322129726, 0.011713660322129726, 0.011713660322129726, 0.011710727587342262, 0.011710727587342262, 0.011710727587342262, 0.011831465177237988, 0.011831465177237988, 0.011831465177237988, 0.011669442988932133, 0.011669442988932133, 0.011669442988932133, 0.011745802126824856, 0.011745802126824856, 0.011745802126824856, 0.011743398383259773, 0.011743398383259773, 0.011743398383259773, 0.011719324626028538], "phases": [100, 100, 100, 100, 100, 100, 100, 100, 100, 100, 75], "phases_names": ["threshold 0 ", "threshold 1 ", "threshold 2 ", "threshold 3 ", "threshold 4 ", "threshold 5 ", "threshold 6 ", "threshold 7 ", "threshold 8 ", "threshold 9 ", "best epoch"]}