{"best_train_err": 17.699134826660156, "best_test_mse": 0.00034742531715892255, "best_test_mape": 29.950043559074402, "best_test_forecast": 0.0, "train_evolution": [18.000051498413086, 25.179752349853516, 19.525405883789062, 20.259571075439453, 20.795822143554688, 19.886547088623047, 19.021493911743164, 18.87745475769043, 19.242294311523438, 19.309133529663086, 18.8270320892334, 18.34511375427246, 18.179115295410156, 18.238698959350586, 18.413719177246094, 18.56305694580078, 18.446041107177734, 18.050289154052734, 17.773408889770508, 17.899545669555664, 18.166933059692383, 18.171844482421875, 17.930784225463867, 17.74891471862793, 17.77594566345215, 17.90439796447754, 17.958951950073242, 17.868244171142578, 17.721036911010742, 17.672088623046875, 17.746007919311523, 17.81181526184082, 17.786935806274414, 17.72882080078125, 17.697938919067383, 17.687007904052734, 17.690134048461914, 17.70646095275879, 17.70452117919922, 17.675365447998047, 17.660812377929688, 17.676441192626953, 17.685466766357422, 17.667016983032227, 17.642318725585938, 17.638261795043945, 17.657392501831055, 17.67157554626465, 17.65595245361328, 17.631471633911133, 17.631752014160156, 17.646371841430664, 17.648216247558594, 17.639677047729492, 17.634218215942383, 17.63370132446289, 17.635963439941406, 17.636777877807617, 17.63303565979004, 17.629730224609375, 17.630714416503906, 17.632753372192383, 17.632556915283203, 17.629323959350586, 17.626375198364258, 17.628358840942383, 17.631195068359375, 17.628955841064453, 17.62596893310547, 17.626846313476562, 17.628299713134766, 17.627580642700195, 17.626131057739258, 17.625930786132812, 17.626895904541016, 17.62691307067871, 17.625812530517578, 17.625404357910156, 17.62572479248047, 17.626081466674805, 17.62609100341797, 17.625356674194336, 17.624927520751953, 17.62547492980957, 17.62570571899414, 17.625244140625, 17.6249942779541, 17.62518882751465, 17.62529754638672, 17.6250057220459, 17.62487030029297, 17.625118255615234, 17.625123977661133, 17.62490463256836, 17.62484359741211, 17.62489128112793, 17.624961853027344, 17.62492561340332, 17.624807357788086, 17.62480926513672], "validation_evolution": [0.14303192496299744, 0.14303192496299744, 0.14303192496299744, 8.793120384216309, 8.793120384216309, 8.793120384216309, 0.03511064499616623, 0.03511064499616623, 0.03511064499616623, 0.06654138118028641, 0.06654138118028641, 0.06654138118028641, 0.0520576573908329, 0.0520576573908329, 0.0520576573908329, 0.055076342076063156, 0.055076342076063156, 0.055076342076063156, 0.025072654709219933, 0.025072654709219933, 0.025072654709219933, 0.03096669353544712, 0.03096669353544712, 0.03096669353544712, 0.02365456335246563, 0.02365456335246563, 0.02365456335246563, 0.014909082092344761, 0.014909082092344761, 0.014909082092344761, 0.019448325037956238, 0.019448325037956238, 0.019448325037956238, 0.014622570015490055, 0.014622570015490055, 0.014622570015490055, 0.016248518601059914, 0.016248518601059914, 0.016248518601059914, 0.011645792052149773, 0.011645792052149773, 0.011645792052149773, 0.01334985438734293, 0.01334985438734293, 0.01334985438734293, 0.011822737753391266, 0.011822737753391266, 0.011822737753391266, 0.010577211156487465, 0.010577211156487465, 0.010577211156487465, 0.011524654924869537, 0.011524654924869537, 0.011524654924869537, 0.010792319662868977, 0.010792319662868977, 0.010792319662868977, 0.010562998242676258, 0.010562998242676258, 0.010562998242676258, 0.011198033578693867, 0.011198033578693867, 0.011198033578693867, 0.010291660204529762, 0.010291660204529762, 0.010291660204529762, 0.010183393955230713, 0.010183393955230713, 0.010183393955230713, 0.010667605325579643, 0.010667605325579643, 0.010667605325579643, 0.01050395704805851, 0.01050395704805851, 0.01050395704805851, 0.01032124925404787, 0.01032124925404787, 0.01032124925404787, 0.010369362309575081, 0.010369362309575081, 0.010369362309575081, 0.010327483527362347, 0.010327483527362347, 0.010327483527362347, 0.010462156496942043, 0.010462156496942043, 0.010462156496942043, 0.010450908914208412, 0.010450908914208412, 0.010450908914208412, 0.010257615707814693, 0.010257615707814693, 0.010257615707814693, 0.010346532799303532, 0.010346532799303532, 0.010346532799303532, 0.010432970710098743, 0.010432970710098743, 0.010432970710098743, 0.010315297171473503], "phases": [100, 100, 100, 100, 100, 100, 100, 100, 100, 100, 66], "phases_names": ["threshold 0 ", "threshold 1 ", "threshold 2 ", "threshold 3 ", "threshold 4 ", "threshold 5 ", "threshold 6 ", "threshold 7 ", "threshold 8 ", "threshold 9 ", "best epoch"]}