{"best_train_err": 18.253345489501953, "best_test_mse": 0.0001538148062536493, "best_test_mape": 18.885798752307892, "best_test_forecast": 0.0, "train_evolution": [18.444263458251953, 25.794841766357422, 19.87681007385254, 20.770370483398438, 21.33700942993164, 20.322368621826172, 19.446609497070312, 19.348434448242188, 19.71768569946289, 19.763778686523438, 19.245929718017578, 18.74995231628418, 18.6363525390625, 18.747743606567383, 18.87746238708496, 18.94534683227539, 18.84008026123047, 18.5161190032959, 18.2446346282959, 18.316240310668945, 18.57404899597168, 18.620935440063477, 18.391910552978516, 18.178688049316406, 18.1856632232666, 18.323455810546875, 18.394777297973633, 18.313947677612305, 18.161592483520508, 18.09438133239746, 18.164342880249023, 18.247873306274414, 18.22588539123535, 18.14710807800293, 18.114946365356445, 18.128292083740234, 18.13478660583496, 18.128145217895508, 18.118961334228516, 18.103965759277344, 18.095584869384766, 18.105567932128906, 18.111539840698242, 18.094524383544922, 18.07215118408203, 18.067495346069336, 18.081270217895508, 18.095178604125977, 18.087451934814453, 18.06366729736328, 18.056331634521484, 18.0714054107666, 18.078454971313477, 18.067176818847656, 18.058536529541016, 18.061649322509766, 18.06605339050293, 18.064407348632812, 18.05882453918457, 18.056066513061523, 18.05878448486328, 18.060903549194336, 18.058866500854492, 18.056377410888672, 18.05524444580078, 18.055397033691406, 18.056888580322266, 18.056568145751953, 18.05402183532715, 18.053775787353516, 18.05550193786621, 18.055091857910156, 18.053171157836914, 18.05276870727539, 18.054061889648438, 18.054611206054688, 18.053173065185547, 18.052135467529297, 18.05297088623047, 18.053546905517578, 18.052997589111328, 18.05254554748535, 18.05246353149414, 18.05258560180664, 18.05268669128418, 18.052459716796875, 18.052291870117188, 18.052383422851562, 18.052410125732422, 18.052249908447266, 18.05207061767578, 18.05219268798828, 18.052383422851562, 18.052148818969727, 18.051929473876953, 18.052093505859375, 18.052196502685547, 18.05206871032715, 18.051969528198242, 18.05201530456543], "validation_evolution": [0.13771776854991913, 0.13771776854991913, 0.13771776854991913, 7.774099826812744, 7.774099826812744, 7.774099826812744, 0.041317977011203766, 0.041317977011203766, 0.041317977011203766, 0.06016680970788002, 0.06016680970788002, 0.06016680970788002, 0.06272974610328674, 0.06272974610328674, 0.06272974610328674, 0.05612209066748619, 0.05612209066748619, 0.05612209066748619, 0.024422893300652504, 0.024422893300652504, 0.024422893300652504, 0.037423405796289444, 0.037423405796289444, 0.037423405796289444, 0.02609061449766159, 0.02609061449766159, 0.02609061449766159, 0.016452709212899208, 0.016452709212899208, 0.016452709212899208, 0.021490266546607018, 0.021490266546607018, 0.021490266546607018, 0.015391401015222073, 0.015391401015222073, 0.015391401015222073, 0.017873795703053474, 0.017873795703053474, 0.017873795703053474, 0.014610753394663334, 0.014610753394663334, 0.014610753394663334, 0.015410310588777065, 0.015410310588777065, 0.015410310588777065, 0.013826788403093815, 0.013826788403093815, 0.013826788403093815, 0.01327502727508545, 0.01327502727508545, 0.01327502727508545, 0.013769950717687607, 0.013769950717687607, 0.013769950717687607, 0.013363000005483627, 0.013363000005483627, 0.013363000005483627, 0.012976149097084999, 0.012976149097084999, 0.012976149097084999, 0.013233266770839691, 0.013233266770839691, 0.013233266770839691, 0.012844711542129517, 0.012844711542129517, 0.012844711542129517, 0.012676669284701347, 0.012676669284701347, 0.012676669284701347, 0.01297845970839262, 0.01297845970839262, 0.01297845970839262, 0.012648986652493477, 0.012648986652493477, 0.012648986652493477, 0.012612607330083847, 0.012612607330083847, 0.012612607330083847, 0.012787128798663616, 0.012787128798663616, 0.012787128798663616, 0.012623227201402187, 0.012623227201402187, 0.012623227201402187, 0.012716652825474739, 0.012716652825474739, 0.012716652825474739, 0.012691870331764221, 0.012691870331764221, 0.012691870331764221, 0.012632869184017181, 0.012632869184017181, 0.012632869184017181, 0.012628335505723953, 0.012628335505723953, 0.012628335505723953, 0.012662076391279697, 0.012662076391279697, 0.012662076391279697, 0.012657836079597473], "phases": [100, 100, 100, 100, 100, 100, 100, 100, 100, 100, 75], "phases_names": ["threshold 0 ", "threshold 1 ", "threshold 2 ", "threshold 3 ", "threshold 4 ", "threshold 5 ", "threshold 6 ", "threshold 7 ", "threshold 8 ", "threshold 9 ", "best epoch"]}