{"best_train_err": 17.783292770385742, "best_test_mse": 0.00024141375615727156, "best_test_mape": 37.83840239048004, "best_test_forecast": 0.0, "train_evolution": [18.13324546813965, 25.360258102416992, 19.58112907409668, 20.404111862182617, 20.963836669921875, 20.001733779907227, 19.131391525268555, 19.012338638305664, 19.381925582885742, 19.437040328979492, 18.930063247680664, 18.442136764526367, 18.316049575805664, 18.40958023071289, 18.553245544433594, 18.651756286621094, 18.545053482055664, 18.194313049316406, 17.918983459472656, 18.01060676574707, 18.272363662719727, 18.304039001464844, 18.072994232177734, 17.87417221069336, 17.88735580444336, 18.018543243408203, 18.083662033081055, 18.001129150390625, 17.851131439208984, 17.791215896606445, 17.864418029785156, 17.941089630126953, 17.915586471557617, 17.844436645507812, 17.814882278442383, 17.819129943847656, 17.82297134399414, 17.825685501098633, 17.820749282836914, 17.80006980895996, 17.788291931152344, 17.800100326538086, 17.80745506286621, 17.79072380065918, 17.76812171936035, 17.762968063354492, 17.778215408325195, 17.793113708496094, 17.782621383666992, 17.757631301879883, 17.75334930419922, 17.76905059814453, 17.773712158203125, 17.76304817199707, 17.756139755249023, 17.75807762145996, 17.76131248474121, 17.76045799255371, 17.755661010742188, 17.752960205078125, 17.755111694335938, 17.756858825683594, 17.755573272705078, 17.753162384033203, 17.75102996826172, 17.751615524291992, 17.754066467285156, 17.75313949584961, 17.75009536743164, 17.750263214111328, 17.751998901367188, 17.75146484375, 17.749723434448242, 17.749412536621094, 17.75064468383789, 17.750944137573242, 17.749486923217773, 17.748823165893555, 17.74958038330078, 17.749910354614258, 17.749576568603516, 17.749116897583008, 17.748817443847656, 17.74908447265625, 17.74931526184082, 17.74900245666504, 17.748754501342773, 17.748857498168945, 17.74897003173828, 17.748777389526367, 17.74855613708496, 17.748760223388672, 17.7489013671875, 17.748615264892578, 17.748485565185547, 17.748634338378906, 17.74869155883789, 17.748600006103516, 17.748504638671875, 17.748533248901367], "validation_evolution": [0.1408754140138626, 0.1408754140138626, 0.1408754140138626, 7.469965934753418, 7.469965934753418, 7.469965934753418, 0.038386959582567215, 0.038386959582567215, 0.038386959582567215, 0.06361084431409836, 0.06361084431409836, 0.06361084431409836, 0.055221837013959885, 0.055221837013959885, 0.055221837013959885, 0.05904567614197731, 0.05904567614197731, 0.05904567614197731, 0.024526851251721382, 0.024526851251721382, 0.024526851251721382, 0.03531184419989586, 0.03531184419989586, 0.03531184419989586, 0.024896258488297462, 0.024896258488297462, 0.024896258488297462, 0.015080631710588932, 0.015080631710588932, 0.015080631710588932, 0.020036589354276657, 0.020036589354276657, 0.020036589354276657, 0.01435586716979742, 0.01435586716979742, 0.01435586716979742, 0.016363203525543213, 0.016363203525543213, 0.016363203525543213, 0.012348313815891743, 0.012348313815891743, 0.012348313815891743, 0.013842316344380379, 0.013842316344380379, 0.013842316344380379, 0.011933138594031334, 0.011933138594031334, 0.011933138594031334, 0.011314861476421356, 0.011314861476421356, 0.011314861476421356, 0.012094010598957539, 0.012094010598957539, 0.012094010598957539, 0.011306734755635262, 0.011306734755635262, 0.011306734755635262, 0.011035151779651642, 0.011035151779651642, 0.011035151779651642, 0.011678743176162243, 0.011678743176162243, 0.011678743176162243, 0.010892913676798344, 0.010892913676798344, 0.010892913676798344, 0.01086577121168375, 0.01086577121168375, 0.01086577121168375, 0.011116951704025269, 0.011116951704025269, 0.011116951704025269, 0.010955125093460083, 0.010955125093460083, 0.010955125093460083, 0.010807822458446026, 0.010807822458446026, 0.010807822458446026, 0.010908565483987331, 0.010908565483987331, 0.010908565483987331, 0.010813076980412006, 0.010813076980412006, 0.010813076980412006, 0.01093644555658102, 0.01093644555658102, 0.01093644555658102, 0.010929889045655727, 0.010929889045655727, 0.010929889045655727, 0.010764130391180515, 0.010764130391180515, 0.010764130391180515, 0.010833381675183773, 0.010833381675183773, 0.010833381675183773, 0.010895837098360062, 0.010895837098360062, 0.010895837098360062, 0.010821383446455002], "phases": [100, 100, 100, 100, 100, 100, 100, 100, 100, 100, 90], "phases_names": ["threshold 0 ", "threshold 1 ", "threshold 2 ", "threshold 3 ", "threshold 4 ", "threshold 5 ", "threshold 6 ", "threshold 7 ", "threshold 8 ", "threshold 9 ", "best epoch"]}