{"best_train_err": 18.01152992248535, "best_test_mse": 6.743565609212965e-05, "best_test_mape": 14.079248905181885, "best_test_forecast": 0.0, "train_evolution": [18.311321258544922, 23.95087242126465, 19.649076461791992, 19.50775146484375, 20.693187713623047, 20.208335876464844, 19.078914642333984, 18.562414169311523, 18.955862045288086, 19.43942642211914, 19.115732192993164, 18.412891387939453, 18.21778678894043, 18.4953670501709, 18.709218978881836, 18.687911987304688, 18.475351333618164, 18.153589248657227, 18.0179443359375, 18.217994689941406, 18.43256950378418, 18.365854263305664, 18.139760971069336, 17.9993896484375, 18.023271560668945, 18.134485244750977, 18.1944580078125, 18.134532928466797, 18.017742156982422, 17.951702117919922, 17.989402770996094, 18.072065353393555, 18.078369140625, 18.001346588134766, 17.951793670654297, 17.96520233154297, 17.990642547607422, 18.001155853271484, 17.98260498046875, 17.94389533996582, 17.938064575195312, 17.967838287353516, 17.977102279663086, 17.95372200012207, 17.930906295776367, 17.930267333984375, 17.945959091186523, 17.954730987548828, 17.944990158081055, 17.928184509277344, 17.923404693603516, 17.93498420715332, 17.941490173339844, 17.932315826416016, 17.924448013305664, 17.925039291381836, 17.929107666015625, 17.93195343017578, 17.92725372314453, 17.921478271484375, 17.92335319519043, 17.92660140991211, 17.925607681274414, 17.922786712646484, 17.9218692779541, 17.92314910888672, 17.92374038696289, 17.92231559753418, 17.920473098754883, 17.921260833740234, 17.92292022705078, 17.921873092651367, 17.920360565185547, 17.92017936706543, 17.920957565307617, 17.921606063842773, 17.920595169067383, 17.919706344604492, 17.920236587524414, 17.920757293701172, 17.920392990112305, 17.919797897338867, 17.919811248779297, 17.920185089111328, 17.92024040222168, 17.91975212097168, 17.91961669921875, 17.919940948486328, 17.91991424560547, 17.91970443725586, 17.919570922851562, 17.919715881347656, 17.919837951660156, 17.91962242126465, 17.91948890686035, 17.91961097717285, 17.919706344604492, 17.91960906982422, 17.91949462890625, 17.919513702392578], "validation_evolution": [0.13707101345062256, 0.13707101345062256, 0.13707101345062256, 0.2786508798599243, 0.2786508798599243, 0.2786508798599243, 0.061710577458143234, 0.061710577458143234, 0.061710577458143234, 0.05304671823978424, 0.05304671823978424, 0.05304671823978424, 0.05415193364024162, 0.05415193364024162, 0.05415193364024162, 0.05290175974369049, 0.05290175974369049, 0.05290175974369049, 0.03078942745923996, 0.03078942745923996, 0.03078942745923996, 0.021665826439857483, 0.021665826439857483, 0.021665826439857483, 0.029751472175121307, 0.029751472175121307, 0.029751472175121307, 0.016919247806072235, 0.016919247806072235, 0.016919247806072235, 0.02233162708580494, 0.02233162708580494, 0.02233162708580494, 0.01679757796227932, 0.01679757796227932, 0.01679757796227932, 0.02024087868630886, 0.02024087868630886, 0.02024087868630886, 0.014905111864209175, 0.014905111864209175, 0.014905111864209175, 0.0159157644957304, 0.0159157644957304, 0.0159157644957304, 0.014666607603430748, 0.014666607603430748, 0.014666607603430748, 0.014333151280879974, 0.014333151280879974, 0.014333151280879974, 0.01545869093388319, 0.01545869093388319, 0.01545869093388319, 0.014577838592231274, 0.014577838592231274, 0.014577838592231274, 0.014561227522790432, 0.014561227522790432, 0.014561227522790432, 0.014883378520607948, 0.014883378520607948, 0.014883378520607948, 0.01422030571848154, 0.01422030571848154, 0.01422030571848154, 0.014238743111491203, 0.014238743111491203, 0.014238743111491203, 0.014692030847072601, 0.014692030847072601, 0.014692030847072601, 0.014222219586372375, 0.014222219586372375, 0.014222219586372375, 0.014219106175005436, 0.014219106175005436, 0.014219106175005436, 0.014398551546037197, 0.014398551546037197, 0.014398551546037197, 0.014244557358324528, 0.014244557358324528, 0.014244557358324528, 0.014275631867349148, 0.014275631867349148, 0.014275631867349148, 0.014356711879372597, 0.014356711879372597, 0.014356711879372597, 0.014208229258656502, 0.014208229258656502, 0.014208229258656502, 0.01426798477768898, 0.01426798477768898, 0.01426798477768898, 0.014315289445221424, 0.014315289445221424, 0.014315289445221424, 0.01422662939876318], "phases": [100, 100, 100, 100, 100, 100, 100, 100, 100, 100, 90], "phases_names": ["threshold 0 ", "threshold 1 ", "threshold 2 ", "threshold 3 ", "threshold 4 ", "threshold 5 ", "threshold 6 ", "threshold 7 ", "threshold 8 ", "threshold 9 ", "best epoch"]}