{"best_train_err": 17.876962661743164, "best_test_mse": 0.0007110388833098114, "best_test_mape": 42.112910747528076, "best_test_forecast": 0.0, "train_evolution": [18.188926696777344, 25.42375373840332, 19.648653030395508, 20.473976135253906, 21.035961151123047, 20.069602966308594, 19.17678451538086, 19.062036514282227, 19.445547103881836, 19.499004364013672, 18.994333267211914, 18.516504287719727, 18.3804988861084, 18.45108985900879, 18.594884872436523, 18.712766647338867, 18.610431671142578, 18.248247146606445, 17.97273826599121, 18.074806213378906, 18.335691452026367, 18.35702133178711, 18.122947692871094, 17.92789649963379, 17.943084716796875, 18.07677459716797, 18.144996643066406, 18.059030532836914, 17.902559280395508, 17.843364715576172, 17.920419692993164, 17.995458602905273, 17.96857452392578, 17.901607513427734, 17.8734188079834, 17.873136520385742, 17.87549591064453, 17.880924224853516, 17.875959396362305, 17.8537540435791, 17.843063354492188, 17.85572052001953, 17.8623046875, 17.845632553100586, 17.822734832763672, 17.81633186340332, 17.832345962524414, 17.84857749938965, 17.837018966674805, 17.811433792114258, 17.808406829833984, 17.82393455505371, 17.827564239501953, 17.8173770904541, 17.81084632873535, 17.812389373779297, 17.815858840942383, 17.815114974975586, 17.80995750427246, 17.807371139526367, 17.809484481811523, 17.811033248901367, 17.810184478759766, 17.80782127380371, 17.805204391479492, 17.80597686767578, 17.808616638183594, 17.807409286499023, 17.80446434020996, 17.80479621887207, 17.806398391723633, 17.805871963500977, 17.804101943969727, 17.803743362426758, 17.80510902404785, 17.805347442626953, 17.803834915161133, 17.803279876708984, 17.80394744873047, 17.804241180419922, 17.804027557373047, 17.803518295288086, 17.803190231323242, 17.80350112915039, 17.803695678710938, 17.803388595581055, 17.803146362304688, 17.80324363708496, 17.803394317626953, 17.803163528442383, 17.80292320251465, 17.80316734313965, 17.803281784057617, 17.80300521850586, 17.802894592285156, 17.803014755249023, 17.803077697753906, 17.802988052368164, 17.802894592285156, 17.802934646606445], "validation_evolution": [0.13937588036060333, 0.13937588036060333, 0.13937588036060333, 10.177080154418945, 10.177080154418945, 10.177080154418945, 0.03737599030137062, 0.03737599030137062, 0.03737599030137062, 0.06246572732925415, 0.06246572732925415, 0.06246572732925415, 0.060073308646678925, 0.060073308646678925, 0.060073308646678925, 0.053833987563848495, 0.053833987563848495, 0.053833987563848495, 0.02582363970577717, 0.02582363970577717, 0.02582363970577717, 0.03415331244468689, 0.03415331244468689, 0.03415331244468689, 0.024932559579610825, 0.024932559579610825, 0.024932559579610825, 0.015788670629262924, 0.015788670629262924, 0.015788670629262924, 0.02113344892859459, 0.02113344892859459, 0.02113344892859459, 0.015808789059519768, 0.015808789059519768, 0.015808789059519768, 0.01745745725929737, 0.01745745725929737, 0.01745745725929737, 0.013530428521335125, 0.013530428521335125, 0.013530428521335125, 0.014953125268220901, 0.014953125268220901, 0.014953125268220901, 0.013035749085247517, 0.013035749085247517, 0.013035749085247517, 0.012147040106356144, 0.012147040106356144, 0.012147040106356144, 0.013033135794103146, 0.013033135794103146, 0.013033135794103146, 0.012424875050783157, 0.012424875050783157, 0.012424875050783157, 0.01201010774821043, 0.01201010774821043, 0.01201010774821043, 0.012623542919754982, 0.012623542919754982, 0.012623542919754982, 0.011862668208777905, 0.011862668208777905, 0.011862668208777905, 0.01173219084739685, 0.01173219084739685, 0.01173219084739685, 0.012211056426167488, 0.012211056426167488, 0.012211056426167488, 0.011895532719790936, 0.011895532719790936, 0.011895532719790936, 0.011767854914069176, 0.011767854914069176, 0.011767854914069176, 0.011929678730666637, 0.011929678730666637, 0.011929678730666637, 0.011771013960242271, 0.011771013960242271, 0.011771013960242271, 0.01191957201808691, 0.01191957201808691, 0.01191957201808691, 0.01192505843937397, 0.01192505843937397, 0.01192505843937397, 0.011773197911679745, 0.011773197911679745, 0.011773197911679745, 0.011802706867456436, 0.011802706867456436, 0.011802706867456436, 0.01189148984849453, 0.01189148984849453, 0.01189148984849453, 0.011815808713436127], "phases": [100, 100, 100, 100, 100, 100, 100, 100, 100, 100, 66], "phases_names": ["threshold 0 ", "threshold 1 ", "threshold 2 ", "threshold 3 ", "threshold 4 ", "threshold 5 ", "threshold 6 ", "threshold 7 ", "threshold 8 ", "threshold 9 ", "best epoch"]}