{"best_train_err": 18.475631713867188, "best_test_mse": 9.009356290334836e-05, "best_test_mape": 14.611773192882538, "best_test_forecast": 0.0, "train_evolution": [18.866416931152344, 26.187679290771484, 20.11849021911621, 21.10822296142578, 21.8087100982666, 20.722667694091797, 19.739402770996094, 19.695180892944336, 20.156213760375977, 20.176254272460938, 19.55434226989746, 19.033559799194336, 19.030071258544922, 19.232555389404297, 19.30940055847168, 19.25751304626465, 19.131099700927734, 18.89874267578125, 18.69024658203125, 18.719236373901367, 18.906635284423828, 18.95948028564453, 18.79362678527832, 18.604900360107422, 18.568931579589844, 18.661706924438477, 18.745805740356445, 18.70862579345703, 18.567045211791992, 18.471996307373047, 18.52671241760254, 18.629568099975586, 18.62255859375, 18.525951385498047, 18.473960876464844, 18.500749588012695, 18.532554626464844, 18.522964477539062, 18.49015998840332, 18.469440460205078, 18.478321075439453, 18.496957778930664, 18.49059295654297, 18.464447021484375, 18.452322006225586, 18.45849609375, 18.464725494384766, 18.466453552246094, 18.462425231933594, 18.449951171875, 18.442413330078125, 18.449405670166016, 18.455638885498047, 18.449247360229492, 18.440393447875977, 18.440025329589844, 18.44581413269043, 18.447723388671875, 18.440593719482422, 18.43415069580078, 18.437971115112305, 18.443256378173828, 18.440338134765625, 18.435636520385742, 18.43581199645996, 18.437585830688477, 18.437267303466797, 18.435415267944336, 18.434717178344727, 18.43601417541504, 18.43631935119629, 18.43463897705078, 18.43368148803711, 18.434005737304688, 18.434547424316406, 18.434904098510742, 18.43421173095703, 18.433094024658203, 18.43326759338379, 18.434001922607422, 18.433866500854492, 18.433225631713867, 18.433029174804688, 18.43341636657715, 18.433422088623047, 18.432857513427734, 18.432861328125, 18.433284759521484, 18.433130264282227, 18.432754516601562, 18.432756423950195, 18.432950973510742, 18.432954788208008, 18.432750701904297, 18.432706832885742, 18.432809829711914, 18.432777404785156, 18.432706832885742, 18.432676315307617, 18.432682037353516], "validation_evolution": [0.13899636268615723, 0.13899636268615723, 0.13899636268615723, 7.092801570892334, 7.092801570892334, 7.092801570892334, 0.0349605418741703, 0.0349605418741703, 0.0349605418741703, 0.04377859830856323, 0.04377859830856323, 0.04377859830856323, 0.07700355350971222, 0.07700355350971222, 0.07700355350971222, 0.04769819602370262, 0.04769819602370262, 0.04769819602370262, 0.02190236933529377, 0.02190236933529377, 0.02190236933529377, 0.035015903413295746, 0.035015903413295746, 0.035015903413295746, 0.023347169160842896, 0.023347169160842896, 0.023347169160842896, 0.016129670664668083, 0.016129670664668083, 0.016129670664668083, 0.018947690725326538, 0.018947690725326538, 0.018947690725326538, 0.013175712898373604, 0.013175712898373604, 0.013175712898373604, 0.015364320017397404, 0.015364320017397404, 0.015364320017397404, 0.01280349399894476, 0.01280349399894476, 0.01280349399894476, 0.013047109358012676, 0.013047109358012676, 0.013047109358012676, 0.011585241183638573, 0.011585241183638573, 0.011585241183638573, 0.012173037976026535, 0.012173037976026535, 0.012173037976026535, 0.012012624181807041, 0.012012624181807041, 0.012012624181807041, 0.011045634746551514, 0.011045634746551514, 0.011045634746551514, 0.010907909832894802, 0.010907909832894802, 0.010907909832894802, 0.011971506290137768, 0.011971506290137768, 0.011971506290137768, 0.011090409941971302, 0.011090409941971302, 0.011090409941971302, 0.010901104658842087, 0.010901104658842087, 0.010901104658842087, 0.01103342603892088, 0.01103342603892088, 0.01103342603892088, 0.01106160320341587, 0.01106160320341587, 0.01106160320341587, 0.010945293121039867, 0.010945293121039867, 0.010945293121039867, 0.010977539233863354, 0.010977539233863354, 0.010977539233863354, 0.010834822431206703, 0.010834822431206703, 0.010834822431206703, 0.010956094600260258, 0.010956094600260258, 0.010956094600260258, 0.010995786637067795, 0.010995786637067795, 0.010995786637067795, 0.010835272260010242, 0.010835272260010242, 0.010835272260010242, 0.010894203558564186, 0.010894203558564186, 0.010894203558564186, 0.01094310823827982, 0.01094310823827982, 0.01094310823827982, 0.01088662538677454], "phases": [100, 100, 100, 100, 100, 100, 100, 100, 100, 100, 81], "phases_names": ["threshold 0 ", "threshold 1 ", "threshold 2 ", "threshold 3 ", "threshold 4 ", "threshold 5 ", "threshold 6 ", "threshold 7 ", "threshold 8 ", "threshold 9 ", "best epoch"]}