{"best_train_err": 18.057090759277344, "best_test_mse": 0.0003001042641699314, "best_test_mape": 55.28726577758789, "best_test_forecast": 0.0, "train_evolution": [18.400041580200195, 25.660049438476562, 19.782556533813477, 20.685741424560547, 21.296266555786133, 20.276321411132812, 19.32680892944336, 19.240629196166992, 19.66490936279297, 19.707860946655273, 19.170974731445312, 18.69729995727539, 18.594722747802734, 18.672786712646484, 18.78522300720215, 18.875165939331055, 18.786514282226562, 18.4581298828125, 18.19097328186035, 18.269899368286133, 18.51175880432129, 18.543310165405273, 18.327682495117188, 18.129173278808594, 18.126014709472656, 18.25689697265625, 18.34247589111328, 18.26677894592285, 18.099348068237305, 18.02659034729004, 18.10682487487793, 18.19314956665039, 18.16710090637207, 18.091585159301758, 18.061086654663086, 18.068525314331055, 18.07537078857422, 18.074262619018555, 18.062374114990234, 18.043840408325195, 18.039981842041016, 18.05099868774414, 18.052282333374023, 18.03708839416504, 18.018749237060547, 18.010784149169922, 18.02201271057129, 18.038692474365234, 18.03154182434082, 18.006954193115234, 18.000926971435547, 18.01523208618164, 18.020729064941406, 18.010879516601562, 18.002376556396484, 18.004180908203125, 18.01014518737793, 18.00930404663086, 18.00177764892578, 17.998966217041016, 18.002643585205078, 18.00429916381836, 18.00261116027832, 18.000579833984375, 17.9986515045166, 17.998790740966797, 18.000574111938477, 17.999977111816406, 17.997882843017578, 17.99772071838379, 17.99878692626953, 17.99870491027832, 17.9970645904541, 17.99624252319336, 17.997711181640625, 17.99839973449707, 17.99675178527832, 17.99583625793457, 17.99663734436035, 17.997156143188477, 17.99675941467285, 17.996152877807617, 17.996074676513672, 17.99637222290039, 17.99632453918457, 17.99610137939453, 17.996007919311523, 17.99599838256836, 17.996105194091797, 17.995981216430664, 17.995725631713867, 17.995861053466797, 17.99602508544922, 17.99583625793457, 17.99565887451172, 17.995744705200195, 17.995872497558594, 17.995756149291992, 17.995622634887695, 17.995716094970703], "validation_evolution": [0.1382102072238922, 0.1382102072238922, 0.1382102072238922, 12.397703170776367, 12.397703170776367, 12.397703170776367, 0.03641056269407272, 0.03641056269407272, 0.03641056269407272, 0.05833125486969948, 0.05833125486969948, 0.05833125486969948, 0.060659777373075485, 0.060659777373075485, 0.060659777373075485, 0.0562439002096653, 0.0562439002096653, 0.0562439002096653, 0.02387152798473835, 0.02387152798473835, 0.02387152798473835, 0.03334410488605499, 0.03334410488605499, 0.03334410488605499, 0.02445726841688156, 0.02445726841688156, 0.02445726841688156, 0.014905174262821674, 0.014905174262821674, 0.014905174262821674, 0.018580377101898193, 0.018580377101898193, 0.018580377101898193, 0.014220962300896645, 0.014220962300896645, 0.014220962300896645, 0.015676138922572136, 0.015676138922572136, 0.015676138922572136, 0.011897100135684013, 0.011897100135684013, 0.011897100135684013, 0.01303001120686531, 0.01303001120686531, 0.01303001120686531, 0.011068342253565788, 0.011068342253565788, 0.011068342253565788, 0.010785490274429321, 0.010785490274429321, 0.010785490274429321, 0.011624110862612724, 0.011624110862612724, 0.011624110862612724, 0.010458302684128284, 0.010458302684128284, 0.010458302684128284, 0.010290431790053844, 0.010290431790053844, 0.010290431790053844, 0.0110935028642416, 0.0110935028642416, 0.0110935028642416, 0.010256163775920868, 0.010256163775920868, 0.010256163775920868, 0.010248089209198952, 0.010248089209198952, 0.010248089209198952, 0.010303094051778316, 0.010303094051778316, 0.010303094051778316, 0.0103126997128129, 0.0103126997128129, 0.0103126997128129, 0.010230034589767456, 0.010230034589767456, 0.010230034589767456, 0.010233652777969837, 0.010233652777969837, 0.010233652777969837, 0.010178953409194946, 0.010178953409194946, 0.010178953409194946, 0.01024494506418705, 0.01024494506418705, 0.01024494506418705, 0.010300504975020885, 0.010300504975020885, 0.010300504975020885, 0.010109621100127697, 0.010109621100127697, 0.010109621100127697, 0.010193618014454842, 0.010193618014454842, 0.010193618014454842, 0.010233964771032333, 0.010233964771032333, 0.010233964771032333, 0.01017463393509388], "phases": [100, 100, 100, 100, 100, 100, 100, 100, 100, 100, 90], "phases_names": ["threshold 0 ", "threshold 1 ", "threshold 2 ", "threshold 3 ", "threshold 4 ", "threshold 5 ", "threshold 6 ", "threshold 7 ", "threshold 8 ", "threshold 9 ", "best epoch"]}